tournament_name,start_date,end_date,center_name,center_location,pattern_name,pattern_length,pattern_volume,pattern_ratio,position,name,hometown,match_play_record,average,points,earnings,squad,score,+/-_200
PBA Delaware Classic PTQ,2025-01-20T12:00:00Z,,PBA Delaware Classic PTQ,875 N. Broad St. Middletown DE 19709 United States,Bat,,,,1,John Furey,"Howell, N.J.",'--',232.29,0.00,0.00,,,
PBA Delaware Classic PTQ,2025-01-20T12:00:00Z,,PBA Delaware Classic PTQ,875 N. Broad St. Middletown DE 19709 United States,Bat,,,,2,Alec Keplinger,"Angola, Ind.",'--',231.86,0.00,0.00,,,
PBA Delaware Classic PTQ,2025-01-20T12:00:00Z,,PBA Delaware Classic PTQ,875 N. Broad St. Middletown DE 19709 United States,Bat,,,,3,Michael Davidson,"Versailles, Ohio",'--',229.71,0.00,0.00,,,
PBA Delaware Classic PTQ,2025-01-20T12:00:00Z,,PBA Delaware Classic PTQ,875 N. Broad St. Middletown DE 19709 United States,Bat,,,,4,Santtu Tahvanainen,Finland,'--',229.29,0.00,0.00,,,
PBA Delaware Classic PTQ,2025-01-20T12:00:00Z,,PBA Delaware Classic PTQ,875 N. Broad St. Middletown DE 19709 United States,Bat,,,,5,Nick Pate,"Inver Grove Heights, Minn.",'--',224.86,0.00,0.00,,,
PBA Delaware Classic PTQ,2025-01-20T12:00:00Z,,PBA Delaware Classic PTQ,875 N. Broad St. Middletown DE 19709 United States,Bat,,,,6,Trevor Roberts,"Crystal River, Fla.",'--',224.71,0.00,0.00,,,
PBA Delaware Classic PTQ,2025-01-20T12:00:00Z,,PBA Delaware Classic PTQ,875 N. Broad St. Middletown DE 19709 United States,Bat,,,,7,David Northouse,"Bryon Center, Mich.",'--',224.71,40.00,0.00,,,
PBA Delaware Classic PTQ,2025-01-20T12:00:00Z,,PBA Delaware Classic PTQ,875 N. Broad St. Middletown DE 19709 United States,Bat,,,,8,Anthony Neuer,"Lewisburg, Pa.",'--',224.00,40.00,0.00,,,
PBA Delaware Classic PTQ,2025-01-20T12:00:00Z,,PBA Delaware Classic PTQ,875 N. Broad St. Middletown DE 19709 United States,Bat,,,,9,Seth Lehman,"Crystal Lake, Ill.",'--',222.14,40.00,0.00,,,
PBA Delaware Classic PTQ,2025-01-20T12:00:00Z,,PBA Delaware Classic PTQ,875 N. Broad St. Middletown DE 19709 United States,Bat,,,,10,Sheldon McKinney,"Burnsville, N.C.",'--',221.43,40.00,0.00,,,
PBA Delaware Classic PTQ,2025-01-20T12:00:00Z,,PBA Delaware Classic PTQ,875 N. Broad St. Middletown DE 19709 United States,Bat,,,,11,Joe Paluszek,"Bensalem, Pa.",'--',221.14,35.00,0.00,,,
PBA Delaware Classic PTQ,2025-01-20T12:00:00Z,,PBA Delaware Classic PTQ,875 N. Broad St. Middletown DE 19709 United States,Bat,,,,12,Dallas Leong,"Las Vegas, Nev.",'--',220.86,35.00,0.00,,,
PBA Delaware Classic PTQ,2025-01-20T12:00:00Z,,PBA Delaware Classic PTQ,875 N. Broad St. Middletown DE 19709 United States,Bat,,,,13,Nathan Ruest-Lajoie,"Témiscouata-Sur-Le-Lac, Quebec",'--',220.86,35.00,0.00,,,
PBA Delaware Classic PTQ,2025-01-20T12:00:00Z,,PBA Delaware Classic PTQ,875 N. Broad St. Middletown DE 19709 United States,Bat,,,,14,Tom Sorce,"Blasdell, N.Y.",'--',220.29,35.00,0.00,,,
PBA Delaware Classic PTQ,2025-01-20T12:00:00Z,,PBA Delaware Classic PTQ,875 N. Broad St. Middletown DE 19709 United States,Bat,,,,15,Zac Tackett,"Huntington, Ind.",'--',220.14,35.00,0.00,,,
PBA Delaware Classic PTQ,2025-01-20T12:00:00Z,,PBA Delaware Classic PTQ,875 N. Broad St. Middletown DE 19709 United States,Bat,,,,16,Will Vidulich,"Budd Lake, N.J.",'--',219.71,35.00,0.00,,,
PBA Delaware Classic PTQ,2025-01-20T12:00:00Z,,PBA Delaware Classic PTQ,875 N. Broad St. Middletown DE 19709 United States,Bat,,,,17,Cody Shoemaker,"Hanover, Pa.",'--',219.14,35.00,0.00,,,
PBA Delaware Classic PTQ,2025-01-20T12:00:00Z,,PBA Delaware Classic PTQ,875 N. Broad St. Middletown DE 19709 United States,Bat,,,,18,Peter Fox,"West Hartford, Conn.",'--',219.00,35.00,0.00,,,
PBA Delaware Classic PTQ,2025-01-20T12:00:00Z,,PBA Delaware Classic PTQ,875 N. Broad St. Middletown DE 19709 United States,Bat,,,,19,Samuel DeWitt III,"Pittsburgh, Pa.",'--',218.43,35.00,0.00,,,
PBA Delaware Classic PTQ,2025-01-20T12:00:00Z,,PBA Delaware Classic PTQ,875 N. Broad St. Middletown DE 19709 United States,Bat,,,,20,Robert Shine,"Yonkers, N.Y.",'--',217.57,35.00,0.00,,,
PBA Delaware Classic PTQ,2025-01-20T12:00:00Z,,PBA Delaware Classic PTQ,875 N. Broad St. Middletown DE 19709 United States,Bat,,,,21,Nicholas Brown,"Virginia Beach, Va.",'--',217.57,30.00,0.00,,,
PBA Delaware Classic PTQ,2025-01-20T12:00:00Z,,PBA Delaware Classic PTQ,875 N. Broad St. Middletown DE 19709 United States,Bat,,,,22,Michael Mirabile,"Coram, N.Y.",'--',217.29,30.00,0.00,,,
PBA Delaware Classic PTQ,2025-01-20T12:00:00Z,,PBA Delaware Classic PTQ,875 N. Broad St. Middletown DE 19709 United States,Bat,,,,23,Joshua McCandless,"Midlothian, VA",'--',217.00,30.00,0.00,,,
PBA Delaware Classic PTQ,2025-01-20T12:00:00Z,,PBA Delaware Classic PTQ,875 N. Broad St. Middletown DE 19709 United States,Bat,,,,24,Lance Morris,"Beattyville, Ky.",'--',216.43,30.00,0.00,,,
PBA Delaware Classic PTQ,2025-01-20T12:00:00Z,,PBA Delaware Classic PTQ,875 N. Broad St. Middletown DE 19709 United States,Bat,,,,25,T.J. Rock,"Las Vegas, Nev.",'--',216.00,30.00,0.00,,,
PBA Delaware Classic PTQ,2025-01-20T12:00:00Z,,PBA Delaware Classic PTQ,875 N. Broad St. Middletown DE 19709 United States,Bat,,,,26,Thomas McNeal,"Seattle, Wash.",'--',215.71,30.00,0.00,,,
PBA Delaware Classic PTQ,2025-01-20T12:00:00Z,,PBA Delaware Classic PTQ,875 N. Broad St. Middletown DE 19709 United States,Bat,,,,27,William Little,"Fulton, Md.",'--',215.14,30.00,0.00,,,
PBA Delaware Classic PTQ,2025-01-20T12:00:00Z,,PBA Delaware Classic PTQ,875 N. Broad St. Middletown DE 19709 United States,Bat,,,,28,Ethan Fiore,"Tampa, Fla.",'--',214.71,30.00,0.00,,,
PBA Delaware Classic PTQ,2025-01-20T12:00:00Z,,PBA Delaware Classic PTQ,875 N. Broad St. Middletown DE 19709 United States,Bat,,,,29,Matt Wozney,"Milford, Del.",'--',214.71,30.00,0.00,,,
PBA Delaware Classic PTQ,2025-01-20T12:00:00Z,,PBA Delaware Classic PTQ,875 N. Broad St. Middletown DE 19709 United States,Bat,,,,30,Bryan Bourget,"Woonsocket, R.I.",'--',213.57,30.00,0.00,,,
PBA Delaware Classic PTQ,2025-01-20T12:00:00Z,,PBA Delaware Classic PTQ,875 N. Broad St. Middletown DE 19709 United States,Bat,,,,31,Jean Perez,Puerto Rico,'--',209.86,25.00,0.00,,,
PBA Delaware Classic PTQ,2025-01-20T12:00:00Z,,PBA Delaware Classic PTQ,875 N. Broad St. Middletown DE 19709 United States,Bat,,,,32,Gregory Francis,"Bristow, VA",'--',206.43,25.00,0.00,,,
PBA Delaware Classic PTQ,2025-01-20T12:00:00Z,,PBA Delaware Classic PTQ,875 N. Broad St. Middletown DE 19709 United States,Bat,,,,33,Brad Miller,"Lees Summit, Mo.",'--',205.43,25.00,0.00,,,
PBA Delaware Classic PTQ,2025-01-20T12:00:00Z,,PBA Delaware Classic PTQ,875 N. Broad St. Middletown DE 19709 United States,Bat,,,,34,Gary Haines,"Babylon, N.Y.",'--',203.29,25.00,0.00,,,
PBA Delaware Classic PTQ,2025-01-20T12:00:00Z,,PBA Delaware Classic PTQ,875 N. Broad St. Middletown DE 19709 United States,Bat,,,,35,Adam Baer,"York Springs, Pa.",'--',202.86,25.00,0.00,,,
PBA Delaware Classic PTQ,2025-01-20T12:00:00Z,,PBA Delaware Classic PTQ,875 N. Broad St. Middletown DE 19709 United States,Bat,,,,36,Mason Edmondson,"Amarillo, Texas",'--',202.71,25.00,0.00,,,
PBA Delaware Classic PTQ,2025-01-20T12:00:00Z,,PBA Delaware Classic PTQ,875 N. Broad St. Middletown DE 19709 United States,Bat,,,,37,Aj Wolstenholme,"Trevose, PA",'--',200.29,25.00,0.00,,,
PBA Delaware Classic PTQ,2025-01-20T12:00:00Z,,PBA Delaware Classic PTQ,875 N. Broad St. Middletown DE 19709 United States,Bat,,,,38,Nate Garcia,"Port St. Lucie, Fla.",'--',198.29,25.00,0.00,,,
PBA Delaware Classic PTQ,2025-01-20T12:00:00Z,,PBA Delaware Classic PTQ,875 N. Broad St. Middletown DE 19709 United States,Bat,,,,39,Arturo Quintero,Mexico,'--',198.14,25.00,0.00,,,
PBA Delaware Classic PTQ,2025-01-20T12:00:00Z,,PBA Delaware Classic PTQ,875 N. Broad St. Middletown DE 19709 United States,Bat,,,,40,Trevor Ashby,"Springfield, W. Va.",'--',197.57,25.00,0.00,,,
PBA Delaware Classic PTQ,2025-01-20T12:00:00Z,,PBA Delaware Classic PTQ,875 N. Broad St. Middletown DE 19709 United States,Bat,,,,41,Allex Zieg,"Placentia, Calif.",'--',197.14,20.00,0.00,,,
PBA Delaware Classic PTQ,2025-01-20T12:00:00Z,,PBA Delaware Classic PTQ,875 N. Broad St. Middletown DE 19709 United States,Bat,,,,42,Jason Stadtler,"Lafayette, N.J.",'--',196.29,20.00,0.00,,,
PBA Delaware Classic PTQ,2025-01-20T12:00:00Z,,PBA Delaware Classic PTQ,875 N. Broad St. Middletown DE 19709 United States,Bat,,,,43,Kenny Gasser Jr,"Willingboro, N.J.",'--',196.00,20.00,0.00,,,
PBA Delaware Classic PTQ,2025-01-20T12:00:00Z,,PBA Delaware Classic PTQ,875 N. Broad St. Middletown DE 19709 United States,Bat,,,,44,Scott Lebeau,"Peyton, Colo.",'--',196.00,20.00,0.00,,,
PBA Delaware Classic PTQ,2025-01-20T12:00:00Z,,PBA Delaware Classic PTQ,875 N. Broad St. Middletown DE 19709 United States,Bat,,,,45,Hunter Machin,"Dundalk,MD",'--',195.86,20.00,0.00,,,
PBA Delaware Classic PTQ,2025-01-20T12:00:00Z,,PBA Delaware Classic PTQ,875 N. Broad St. Middletown DE 19709 United States,Bat,,,,46,Todd Sigeti,"Lancaster, Pa.",'--',192.71,20.00,0.00,,,
PBA Delaware Classic PTQ,2025-01-20T12:00:00Z,,PBA Delaware Classic PTQ,875 N. Broad St. Middletown DE 19709 United States,Bat,,,,47,Andrew Lazarchick,"Brick, N.J.",'--',192.43,20.00,0.00,,,
PBA Delaware Classic PTQ,2025-01-20T12:00:00Z,,PBA Delaware Classic PTQ,875 N. Broad St. Middletown DE 19709 United States,Bat,,,,48,Christopher Dean,"Carneys Point, NJ",'--',191.29,20.00,0.00,,,
PBA Delaware Classic PTQ,2025-01-20T12:00:00Z,,PBA Delaware Classic PTQ,875 N. Broad St. Middletown DE 19709 United States,Bat,,,,49,Brian Robinson,"Morgantown, W. Va.",'--',191.14,20.00,0.00,,,
PBA Delaware Classic PTQ,2025-01-20T12:00:00Z,,PBA Delaware Classic PTQ,875 N. Broad St. Middletown DE 19709 United States,Bat,,,,50,Talon Clemons,"Pottstown, Pa.",'--',190.29,20.00,0.00,,,
PBA Delaware Classic PTQ,2025-01-20T12:00:00Z,,PBA Delaware Classic PTQ,875 N. Broad St. Middletown DE 19709 United States,Bat,,,,51,Rj Golisano,Rochester NY,'--',186.86,15.00,0.00,,,
PBA Delaware Classic PTQ,2025-01-20T12:00:00Z,,PBA Delaware Classic PTQ,875 N. Broad St. Middletown DE 19709 United States,Bat,,,,52,Mark Ferrara,"Massapequa Park, NY",'--',186.71,15.00,0.00,,,
PBA Delaware Classic PTQ,2025-01-20T12:00:00Z,,PBA Delaware Classic PTQ,875 N. Broad St. Middletown DE 19709 United States,Bat,,,,53,George King,"Palmyra, N.J.",'--',186.71,15.00,0.00,,,
PBA Delaware Classic PTQ,2025-01-20T12:00:00Z,,PBA Delaware Classic PTQ,875 N. Broad St. Middletown DE 19709 United States,Bat,,,,54,Adam Travis,"Cockeysville, Md.",'--',185.57,15.00,0.00,,,
PBA Delaware Classic PTQ,2025-01-20T12:00:00Z,,PBA Delaware Classic PTQ,875 N. Broad St. Middletown DE 19709 United States,Bat,,,,55,Todd Kelly,Sicklerville NJ,'--',183.00,15.00,0.00,,,
PBA Delaware Classic PTQ,2025-01-20T12:00:00Z,,PBA Delaware Classic PTQ,875 N. Broad St. Middletown DE 19709 United States,Bat,,,,56,Odell Jones,Philadelphia,'--',181.14,15.00,0.00,,,
PBA Delaware Classic PTQ,2025-01-20T12:00:00Z,,PBA Delaware Classic PTQ,875 N. Broad St. Middletown DE 19709 United States,Bat,,,,57,Tarahmes Nuiriankh,"Odenton, MD",'--',174.86,15.00,0.00,,,
PBA Delaware Classic PTQ,2025-01-20T12:00:00Z,,PBA Delaware Classic PTQ,875 N. Broad St. Middletown DE 19709 United States,Bat,,,,58,Thomas Griffith,"Mickleton, N.J.",'--',174.71,15.00,0.00,,,
PBA Delaware Classic PTQ,2025-01-20T12:00:00Z,,PBA Delaware Classic PTQ,875 N. Broad St. Middletown DE 19709 United States,Bat,,,,59,Brett Clark,"Temecula, California",'--',170.86,15.00,0.00,,,
PBA Delaware Classic PTQ,2025-01-20T12:00:00Z,,PBA Delaware Classic PTQ,875 N. Broad St. Middletown DE 19709 United States,Bat,,,,60,James Seibert,"Cherry Hill, NJ",'--',166.29,15.00,0.00,,,
PBA Delaware Classic PTQ,2025-01-20T12:00:00Z,,PBA Delaware Classic PTQ,875 N. Broad St. Middletown DE 19709 United States,Bat,,,,61,George Dougherty II,"Newark, Del.",'--',159.29,10.00,0.00,,,
PBA Delaware Classic PTQ,2025-01-20T12:00:00Z,,PBA Delaware Classic PTQ,875 N. Broad St. Middletown DE 19709 United States,Bat,,,,62,Bruce Comunale,"Hammonton, N.J.",'--',156.43,10.00,0.00,,,
PBA Delaware Classic PTQ,2025-01-20T12:00:00Z,,PBA Delaware Classic PTQ,875 N. Broad St. Middletown DE 19709 United States,Bat,,,,63,Jimmie Allen,"Nashville, Tenn.",'--',154.29,10.00,0.00,,,
PBA Delaware Classic PTQ,2025-01-20T12:00:00Z,,PBA Delaware Classic PTQ,875 N. Broad St. Middletown DE 19709 United States,Bat,,,,64,Kyle Clement,"Dafter, Mich.",'--',183.00,10.00,0.00,,,
PBA Delaware Classic,2025-01-20T12:00:00Z,2025-01-25T12:00:00Z,PBA Delaware Classic,875 N. Broad St. Middletown DE 19709 United States,Cheetah,35.0,,,1,Graham Fach,"Urbana, Ohio",'3-0-0',243.30,"5,000.00",30000.00,,,
PBA Delaware Classic,2025-01-20T12:00:00Z,2025-01-25T12:00:00Z,PBA Delaware Classic,875 N. Broad St. Middletown DE 19709 United States,Cheetah,35.0,,,2,Jakob Butturff,"Tempe, Ariz.",'0-1-0',234.84,"3,000.00",18000.00,,,
PBA Delaware Classic,2025-01-20T12:00:00Z,2025-01-25T12:00:00Z,PBA Delaware Classic,875 N. Broad St. Middletown DE 19709 United States,Cheetah,35.0,,,3,Nick Pate,"Inver Grove Heights, Minn.",'0-1-0',230.89,"2,300.00",13000.00,,,
PBA Delaware Classic,2025-01-20T12:00:00Z,2025-01-25T12:00:00Z,PBA Delaware Classic,875 N. Broad St. Middletown DE 19709 United States,Cheetah,35.0,,,4,Michael Davidson,"Versailles, Ohio",'1-1-0',241.19,"1,900.00",10000.00,,,
PBA Delaware Classic,2025-01-20T12:00:00Z,2025-01-25T12:00:00Z,PBA Delaware Classic,875 N. Broad St. Middletown DE 19709 United States,Cheetah,35.0,,,5,AJ Johnson,"Oswego, Ill.",'0-1-0',240.19,"1,700.00",9000.00,,,
PBA Delaware Classic,2025-01-20T12:00:00Z,2025-01-25T12:00:00Z,PBA Delaware Classic,875 N. Broad St. Middletown DE 19709 United States,Cheetah,35.0,,,6,Ryan Barnes,"Denton, Texas",'6-7-0',229.65,"1,490.00",7500.00,,,
PBA Delaware Classic,2025-01-20T12:00:00Z,2025-01-25T12:00:00Z,PBA Delaware Classic,875 N. Broad St. Middletown DE 19709 United States,Cheetah,35.0,,,7,Justin Knowles,"Okemos, Mich.",'5-6-0',236.62,"1,490.00",7500.00,,,
PBA Delaware Classic,2025-01-20T12:00:00Z,2025-01-25T12:00:00Z,PBA Delaware Classic,875 N. Broad St. Middletown DE 19709 United States,Cheetah,35.0,,,8,Trevor Roberts,"Crystal River, Fla.",'10-8-0',231.31,"1,490.00",7500.00,,,
PBA Delaware Classic,2025-01-20T12:00:00Z,2025-01-25T12:00:00Z,PBA Delaware Classic,875 N. Broad St. Middletown DE 19709 United States,Cheetah,35.0,,,9,Cam Crowe,"Orland Park, Ill.",'1-4-0',240.70,"1,160.00",5500.00,,,
PBA Delaware Classic,2025-01-20T12:00:00Z,2025-01-25T12:00:00Z,PBA Delaware Classic,875 N. Broad St. Middletown DE 19709 United States,Cheetah,35.0,,,10,Tomas Käyhkö,Finland,'3-4-0',242.52,"1,160.00",5500.00,,,
PBA Delaware Classic,2025-01-20T12:00:00Z,2025-01-25T12:00:00Z,PBA Delaware Classic,875 N. Broad St. Middletown DE 19709 United States,Cheetah,35.0,,,11,Kyle Troup,"Taylorsville, N.C.",'1-4-0',230.00,"1,160.00",5500.00,,,
PBA Delaware Classic,2025-01-20T12:00:00Z,2025-01-25T12:00:00Z,PBA Delaware Classic,875 N. Broad St. Middletown DE 19709 United States,Cheetah,35.0,,,12,Andrew Anderson,"Holly, Mich.",'3-4-0',243.68,"1,160.00",5500.00,,,
PBA Delaware Classic,2025-01-20T12:00:00Z,2025-01-25T12:00:00Z,PBA Delaware Classic,875 N. Broad St. Middletown DE 19709 United States,Cheetah,35.0,,,13,Matt Ogle,"Louisville, Ky.",'7-7-0',232.28,"1,160.00",5500.00,,,
PBA Delaware Classic,2025-01-20T12:00:00Z,2025-01-25T12:00:00Z,PBA Delaware Classic,875 N. Broad St. Middletown DE 19709 United States,Cheetah,35.0,,,14,EJ Tackett,"Bluffton, Ind.",'7-6-0',234.48,"1,160.00",5500.00,,,
PBA Delaware Classic,2025-01-20T12:00:00Z,2025-01-25T12:00:00Z,PBA Delaware Classic,875 N. Broad St. Middletown DE 19709 United States,Cheetah,35.0,,,15,Brandon Runk,"Milton, Pa.",'5-6-0',230.79,"1,160.00",5500.00,,,
PBA Delaware Classic,2025-01-20T12:00:00Z,2025-01-25T12:00:00Z,PBA Delaware Classic,875 N. Broad St. Middletown DE 19709 United States,Cheetah,35.0,,,16,Keven Williams,"Roseville, CA",'6-7-0',227.39,"1,160.00",5500.00,,,
PBA Delaware Classic,2025-01-20T12:00:00Z,2025-01-25T12:00:00Z,PBA Delaware Classic,875 N. Broad St. Middletown DE 19709 United States,Cheetah,35.0,,,17,Chris Via,"Springfield, Ohio",'0-4-0',240.41,750.00,4000.00,,,
PBA Delaware Classic,2025-01-20T12:00:00Z,2025-01-25T12:00:00Z,PBA Delaware Classic,875 N. Broad St. Middletown DE 19709 United States,Cheetah,35.0,,,18,Tom Smallwood,"Saginaw, Mich.",'3-4-0',233.52,750.00,4000.00,,,
PBA Delaware Classic,2025-01-20T12:00:00Z,2025-01-25T12:00:00Z,PBA Delaware Classic,875 N. Broad St. Middletown DE 19709 United States,Cheetah,35.0,,,19,Bill O'Neill,"Langhorne, Pa.",'1-4-0',233.65,750.00,4000.00,,,
PBA Delaware Classic,2025-01-20T12:00:00Z,2025-01-25T12:00:00Z,PBA Delaware Classic,875 N. Broad St. Middletown DE 19709 United States,Cheetah,35.0,,,20,BJ Moore,"Greensburg, Pa.",'2-4-0',236.29,750.00,4000.00,,,
PBA Delaware Classic,2025-01-20T12:00:00Z,2025-01-25T12:00:00Z,PBA Delaware Classic,875 N. Broad St. Middletown DE 19709 United States,Cheetah,35.0,,,21,Sam Cooley,Australia,'2-4-0',226.54,750.00,4000.00,,,
PBA Delaware Classic,2025-01-20T12:00:00Z,2025-01-25T12:00:00Z,PBA Delaware Classic,875 N. Broad St. Middletown DE 19709 United States,Cheetah,35.0,,,22,Nate Purches,"Fond du Lac, Wis.",'2-4-0',233.33,750.00,4000.00,,,
PBA Delaware Classic,2025-01-20T12:00:00Z,2025-01-25T12:00:00Z,PBA Delaware Classic,875 N. Broad St. Middletown DE 19709 United States,Cheetah,35.0,,,23,Hayden Stippich,"McKean, Pa.",'3-4-0',231.24,750.00,4000.00,,,
PBA Delaware Classic,2025-01-20T12:00:00Z,2025-01-25T12:00:00Z,PBA Delaware Classic,875 N. Broad St. Middletown DE 19709 United States,Cheetah,35.0,,,24,Marshall Kent,"Yakima, Wash.",'2-4-0',229.46,750.00,4000.00,,,
PBA Delaware Classic,2025-01-20T12:00:00Z,2025-01-25T12:00:00Z,PBA Delaware Classic,875 N. Broad St. Middletown DE 19709 United States,Cheetah,35.0,,,25,Stu Williams,"Pflugerville, Texas",'0-0-0',232.94,570.00,2900.00,,,
PBA Delaware Classic,2025-01-20T12:00:00Z,2025-01-25T12:00:00Z,PBA Delaware Classic,875 N. Broad St. Middletown DE 19709 United States,Cheetah,35.0,,,26,Andrew Hall,"Westborough, Mass.",'--',232.78,550.00,2800.00,,,
PBA Delaware Classic,2025-01-20T12:00:00Z,2025-01-25T12:00:00Z,PBA Delaware Classic,875 N. Broad St. Middletown DE 19709 United States,Cheetah,35.0,,,27,François Lavoie,Canada,'--',232.39,530.00,2750.00,,,
PBA Delaware Classic,2025-01-20T12:00:00Z,2025-01-25T12:00:00Z,PBA Delaware Classic,875 N. Broad St. Middletown DE 19709 United States,Cheetah,35.0,,,28,"David ""Boog"" Krol","Nixa, Mo.",'--',232.06,510.00,2700.00,,,
PBA Delaware Classic,2025-01-20T12:00:00Z,2025-01-25T12:00:00Z,PBA Delaware Classic,875 N. Broad St. Middletown DE 19709 United States,Cheetah,35.0,,,29,Eric Jones,"Edmond, Okla.",'--',231.78,490.00,2650.00,,,
PBA Delaware Classic,2025-01-20T12:00:00Z,2025-01-25T12:00:00Z,PBA Delaware Classic,875 N. Broad St. Middletown DE 19709 United States,Cheetah,35.0,,,30,Zach Wilkins,Canada,'--',231.56,470.00,2600.00,,,
PBA Delaware Classic,2025-01-20T12:00:00Z,2025-01-25T12:00:00Z,PBA Delaware Classic,875 N. Broad St. Middletown DE 19709 United States,Cheetah,35.0,,,31,Chris Sloan,Ireland,'--',231.44,450.00,2550.00,,,
PBA Delaware Classic,2025-01-20T12:00:00Z,2025-01-25T12:00:00Z,PBA Delaware Classic,875 N. Broad St. Middletown DE 19709 United States,Cheetah,35.0,,,32,Nathan Bohr,"Austin, Texas",'--',231.39,430.00,2500.00,,,
PBA Delaware Classic,2025-01-20T12:00:00Z,2025-01-25T12:00:00Z,PBA Delaware Classic,875 N. Broad St. Middletown DE 19709 United States,Cheetah,35.0,,,33,Bailey Mavrick,"Peru, Ind.",'--',231.22,410.00,0.00,,,
PBA Delaware Classic,2025-01-20T12:00:00Z,2025-01-25T12:00:00Z,PBA Delaware Classic,875 N. Broad St. Middletown DE 19709 United States,Cheetah,35.0,,,34,Tom Daugherty,"Riverview, Fla.",'--',230.94,400.00,0.00,,,
PBA Delaware Classic,2025-01-20T12:00:00Z,2025-01-25T12:00:00Z,PBA Delaware Classic,875 N. Broad St. Middletown DE 19709 United States,Cheetah,35.0,,,35,Sean Rash,"Montgomery, Ill.",'--',230.72,390.00,0.00,,,
PBA Delaware Classic,2025-01-20T12:00:00Z,2025-01-25T12:00:00Z,PBA Delaware Classic,875 N. Broad St. Middletown DE 19709 United States,Cheetah,35.0,,,36,Kris Prather,"Plainfield, Ill.",'--',230.33,380.00,0.00,,,
PBA Delaware Classic,2025-01-20T12:00:00Z,2025-01-25T12:00:00Z,PBA Delaware Classic,875 N. Broad St. Middletown DE 19709 United States,Cheetah,35.0,,,37,Jason Belmonte,Australia,'--',229.50,370.00,0.00,,,
PBA Delaware Classic,2025-01-20T12:00:00Z,2025-01-25T12:00:00Z,PBA Delaware Classic,875 N. Broad St. Middletown DE 19709 United States,Cheetah,35.0,,,38,Dom Barrett,"Great Bentley, England",'--',228.44,360.00,0.00,,,
PBA Delaware Classic,2025-01-20T12:00:00Z,2025-01-25T12:00:00Z,PBA Delaware Classic,875 N. Broad St. Middletown DE 19709 United States,Cheetah,35.0,,,39,Gary Faulkner Jr.,"Memphis, Tenn.",'--',228.17,350.00,0.00,,,
PBA Delaware Classic,2025-01-20T12:00:00Z,2025-01-25T12:00:00Z,PBA Delaware Classic,875 N. Broad St. Middletown DE 19709 United States,Cheetah,35.0,,,40,Thomas Larsen,Denmark,'--',227.94,340.00,0.00,,,
PBA Delaware Classic,2025-01-20T12:00:00Z,2025-01-25T12:00:00Z,PBA Delaware Classic,875 N. Broad St. Middletown DE 19709 United States,Cheetah,35.0,,,41,Matt Sanders,"Evansville, Ind.",'--',226.67,330.00,0.00,,,
PBA Delaware Classic,2025-01-20T12:00:00Z,2025-01-25T12:00:00Z,PBA Delaware Classic,875 N. Broad St. Middletown DE 19709 United States,Cheetah,35.0,,,42,Tim Foy Jr.,"Seaford, Del.",'--',226.61,320.00,0.00,,,
PBA Delaware Classic,2025-01-20T12:00:00Z,2025-01-25T12:00:00Z,PBA Delaware Classic,875 N. Broad St. Middletown DE 19709 United States,Cheetah,35.0,,,43,Packy Hanrahan,"Wichita, Kan.",'--',226.56,310.00,0.00,,,
PBA Delaware Classic,2025-01-20T12:00:00Z,2025-01-25T12:00:00Z,PBA Delaware Classic,875 N. Broad St. Middletown DE 19709 United States,Cheetah,35.0,,,44,DJ Archer,"Louisville, Ky.",'--',226.44,300.00,0.00,,,
PBA Delaware Classic,2025-01-20T12:00:00Z,2025-01-25T12:00:00Z,PBA Delaware Classic,875 N. Broad St. Middletown DE 19709 United States,Cheetah,35.0,,,45,Shawn Maldonado,Houston,'--',226.22,290.00,0.00,,,
PBA Delaware Classic,2025-01-20T12:00:00Z,2025-01-25T12:00:00Z,PBA Delaware Classic,875 N. Broad St. Middletown DE 19709 United States,Cheetah,35.0,,,46,Chris Barnes,"Denton, Texas",'--',225.94,280.00,0.00,,,
PBA Delaware Classic,2025-01-20T12:00:00Z,2025-01-25T12:00:00Z,PBA Delaware Classic,875 N. Broad St. Middletown DE 19709 United States,Cheetah,35.0,,,47,Tommy Jones,"Simpsonville, S.C.",'--',225.89,270.00,0.00,,,
PBA Delaware Classic,2025-01-20T12:00:00Z,2025-01-25T12:00:00Z,PBA Delaware Classic,875 N. Broad St. Middletown DE 19709 United States,Cheetah,35.0,,,48,Deo Benard,"Roanoke, Texas",'--',225.78,260.00,0.00,,,
PBA Delaware Classic,2025-01-20T12:00:00Z,2025-01-25T12:00:00Z,PBA Delaware Classic,875 N. Broad St. Middletown DE 19709 United States,Cheetah,35.0,,,49,Jesper Svensson,Sweden,'--',225.56,250.00,0.00,,,
PBA Delaware Classic,2025-01-20T12:00:00Z,2025-01-25T12:00:00Z,PBA Delaware Classic,875 N. Broad St. Middletown DE 19709 United States,Cheetah,35.0,,,50,Darren Tang,Las Vegas,'--',225.22,240.00,0.00,,,
PBA Delaware Classic,2025-01-20T12:00:00Z,2025-01-25T12:00:00Z,PBA Delaware Classic,875 N. Broad St. Middletown DE 19709 United States,Cheetah,35.0,,,51,Sean Lavery-Spahr,"Pasadena, Texas",'--',225.00,225.00,0.00,,,
PBA Delaware Classic,2025-01-20T12:00:00Z,2025-01-25T12:00:00Z,PBA Delaware Classic,875 N. Broad St. Middletown DE 19709 United States,Cheetah,35.0,,,52,Cristian Azcona,Puerto Rico,'--',225.00,225.00,0.00,,,
PBA Delaware Classic,2025-01-20T12:00:00Z,2025-01-25T12:00:00Z,PBA Delaware Classic,875 N. Broad St. Middletown DE 19709 United States,Cheetah,35.0,,,53,Chase Nadeau,Las Vegas,'--',223.83,210.00,0.00,,,
PBA Delaware Classic,2025-01-20T12:00:00Z,2025-01-25T12:00:00Z,PBA Delaware Classic,875 N. Broad St. Middletown DE 19709 United States,Cheetah,35.0,,,54,Kim Bolleby,Sweden,'--',222.83,200.00,0.00,,,
PBA Delaware Classic,2025-01-20T12:00:00Z,2025-01-25T12:00:00Z,PBA Delaware Classic,875 N. Broad St. Middletown DE 19709 United States,Cheetah,35.0,,,55,Patrick Dombrowski,"Parma, Ohio",'--',222.00,190.00,0.00,,,
PBA Delaware Classic,2025-01-20T12:00:00Z,2025-01-25T12:00:00Z,PBA Delaware Classic,875 N. Broad St. Middletown DE 19709 United States,Cheetah,35.0,,,56,Nate Stubler,"LaSalle, Ill.",'--',221.94,175.00,0.00,,,
PBA Delaware Classic,2025-01-20T12:00:00Z,2025-01-25T12:00:00Z,PBA Delaware Classic,875 N. Broad St. Middletown DE 19709 United States,Cheetah,35.0,,,57,Jake Peters,"Henderson, Nev.",'--',221.94,175.00,0.00,,,
PBA Delaware Classic,2025-01-20T12:00:00Z,2025-01-25T12:00:00Z,PBA Delaware Classic,875 N. Broad St. Middletown DE 19709 United States,Cheetah,35.0,,,58,Jason Sterner,"Rochester, N.Y.",'--',221.28,160.00,0.00,,,
PBA Delaware Classic,2025-01-20T12:00:00Z,2025-01-25T12:00:00Z,PBA Delaware Classic,875 N. Broad St. Middletown DE 19709 United States,Cheetah,35.0,,,59,AJ Chapman,"Manchester, Iowa",'--',220.94,150.00,0.00,,,
PBA Delaware Classic,2025-01-20T12:00:00Z,2025-01-25T12:00:00Z,PBA Delaware Classic,875 N. Broad St. Middletown DE 19709 United States,Cheetah,35.0,,,60,Richie Teece,"Aldershot, Hampshire",'--',219.17,140.00,0.00,,,
PBA Delaware Classic,2025-01-20T12:00:00Z,2025-01-25T12:00:00Z,PBA Delaware Classic,875 N. Broad St. Middletown DE 19709 United States,Cheetah,35.0,,,61,Anthony Simonsen,Las Vegas,'--',219.06,130.00,0.00,,,
PBA Delaware Classic,2025-01-20T12:00:00Z,2025-01-25T12:00:00Z,PBA Delaware Classic,875 N. Broad St. Middletown DE 19709 United States,Cheetah,35.0,,,62,Matt Russo,"Ballwin, Missouri",'--',218.61,120.00,0.00,,,
PBA Delaware Classic,2025-01-20T12:00:00Z,2025-01-25T12:00:00Z,PBA Delaware Classic,875 N. Broad St. Middletown DE 19709 United States,Cheetah,35.0,,,63,Mitch Hupé,"Winnipeg, MB",'--',218.22,110.00,0.00,,,
PBA Delaware Classic,2025-01-20T12:00:00Z,2025-01-25T12:00:00Z,PBA Delaware Classic,875 N. Broad St. Middletown DE 19709 United States,Cheetah,35.0,,,64,Santtu Tahvanainen,Finland,'--',217.50,100.00,0.00,,,
PBA Delaware Classic,2025-01-20T12:00:00Z,2025-01-25T12:00:00Z,PBA Delaware Classic,875 N. Broad St. Middletown DE 19709 United States,Cheetah,35.0,,,65,Alec Keplinger,"Angola, Ind.",'--',215.50,90.00,0.00,,,
PBA Delaware Classic,2025-01-20T12:00:00Z,2025-01-25T12:00:00Z,PBA Delaware Classic,875 N. Broad St. Middletown DE 19709 United States,Cheetah,35.0,,,66,Kevin McCune,"Munster, Ind.",'--',214.67,90.00,0.00,,,
PBA Delaware Classic,2025-01-20T12:00:00Z,2025-01-25T12:00:00Z,PBA Delaware Classic,875 N. Broad St. Middletown DE 19709 United States,Cheetah,35.0,,,67,Deeronn Booker,"Anaheim, Calif.",'--',211.17,90.00,0.00,,,
PBA Delaware Classic,2025-01-20T12:00:00Z,2025-01-25T12:00:00Z,PBA Delaware Classic,875 N. Broad St. Middletown DE 19709 United States,Cheetah,35.0,,,68,John Furey,"Howell, N.J.",'--',211.06,90.00,0.00,,,
PBA Delaware Classic,2025-01-20T12:00:00Z,2025-01-25T12:00:00Z,PBA Delaware Classic,875 N. Broad St. Middletown DE 19709 United States,Cheetah,35.0,,,69,Liz Johnson,"Niagara Falls, N.Y.",'--',207.89,90.00,0.00,,,
PBA Delaware Classic,2025-01-20T12:00:00Z,2025-01-25T12:00:00Z,PBA Delaware Classic,875 N. Broad St. Middletown DE 19709 United States,Cheetah,35.0,,,70,Ronnie Russell,"Noblesville, Ind.",'--',206.56,90.00,0.00,,,
PBA Owens Illinois Classic,2025-02-03T12:00:00Z,2025-02-08T12:00:00Z,PBA Owens Illinois Classic,316 Center Dr. Vernon Hills IL 60061 United States,Carmen Salvino,42.0,,,1,Santtu Tahvanainen,Finland,'1-0-0',231.71,"5,000.00",30000.00,,,
PBA Owens Illinois Classic,2025-02-03T12:00:00Z,2025-02-08T12:00:00Z,PBA Owens Illinois Classic,316 Center Dr. Vernon Hills IL 60061 United States,Carmen Salvino,42.0,,,2,Chris Via,"Springfield, Ohio",'1-1-0',234.08,"3,000.00",18000.00,,,
PBA Owens Illinois Classic,2025-02-03T12:00:00Z,2025-02-08T12:00:00Z,PBA Owens Illinois Classic,316 Center Dr. Vernon Hills IL 60061 United States,Carmen Salvino,42.0,,,3,Tim Foy Jr.,"Seaford, Del.",'2-1-0',223.53,"2,300.00",13000.00,,,
PBA Owens Illinois Classic,2025-02-03T12:00:00Z,2025-02-08T12:00:00Z,PBA Owens Illinois Classic,316 Center Dr. Vernon Hills IL 60061 United States,Carmen Salvino,42.0,,,4,Sean Rash,"Montgomery, Ill.",'0-1-0',228.66,"1,900.00",10000.00,,,
PBA Owens Illinois Classic,2025-02-03T12:00:00Z,2025-02-08T12:00:00Z,PBA Owens Illinois Classic,316 Center Dr. Vernon Hills IL 60061 United States,Carmen Salvino,42.0,,,5,Matt Ogle,"Louisville, Ky.",'0-1-0',232.19,"1,700.00",9000.00,,,
PBA Owens Illinois Classic,2025-02-03T12:00:00Z,2025-02-08T12:00:00Z,PBA Owens Illinois Classic,316 Center Dr. Vernon Hills IL 60061 United States,Carmen Salvino,42.0,,,6,Jason Belmonte,Australia,'10-3-1',231.09,"1,490.00",7500.00,,,
PBA Owens Illinois Classic,2025-02-03T12:00:00Z,2025-02-08T12:00:00Z,PBA Owens Illinois Classic,316 Center Dr. Vernon Hills IL 60061 United States,Carmen Salvino,42.0,,,7,Eric Jones,"Edmond, Okla.",'9-8-1',221.58,"1,490.00",7500.00,,,
PBA Owens Illinois Classic,2025-02-03T12:00:00Z,2025-02-08T12:00:00Z,PBA Owens Illinois Classic,316 Center Dr. Vernon Hills IL 60061 United States,Carmen Salvino,42.0,,,8,Hayden Stippich,"McKean, Pa.",'9-8-0',225.20,"1,490.00",7500.00,,,
PBA Owens Illinois Classic,2025-02-03T12:00:00Z,2025-02-08T12:00:00Z,PBA Owens Illinois Classic,316 Center Dr. Vernon Hills IL 60061 United States,Carmen Salvino,42.0,,,9,Bill O'Neill,"Langhorne, Pa.",'2-4-0',227.67,"1,160.00",5500.00,,,
PBA Owens Illinois Classic,2025-02-03T12:00:00Z,2025-02-08T12:00:00Z,PBA Owens Illinois Classic,316 Center Dr. Vernon Hills IL 60061 United States,Carmen Salvino,42.0,,,10,Graham Fach,"Urbana, Ohio",'2-4-0',231.88,"1,160.00",5500.00,,,
PBA Owens Illinois Classic,2025-02-03T12:00:00Z,2025-02-08T12:00:00Z,PBA Owens Illinois Classic,316 Center Dr. Vernon Hills IL 60061 United States,Carmen Salvino,42.0,,,11,Kris Prather,"Plainfield, Ill.",'3-4-0',229.08,"1,160.00",5500.00,,,
PBA Owens Illinois Classic,2025-02-03T12:00:00Z,2025-02-08T12:00:00Z,PBA Owens Illinois Classic,316 Center Dr. Vernon Hills IL 60061 United States,Carmen Salvino,42.0,,,12,Ryan Barnes,"Denton, Texas",'1-4-0',227.65,"1,160.00",5500.00,,,
PBA Owens Illinois Classic,2025-02-03T12:00:00Z,2025-02-08T12:00:00Z,PBA Owens Illinois Classic,316 Center Dr. Vernon Hills IL 60061 United States,Carmen Salvino,42.0,,,13,Shawn Maldonado,Houston,'0-4-0',224.50,"1,160.00",5500.00,,,
PBA Owens Illinois Classic,2025-02-03T12:00:00Z,2025-02-08T12:00:00Z,PBA Owens Illinois Classic,316 Center Dr. Vernon Hills IL 60061 United States,Carmen Salvino,42.0,,,14,Nate Stubler,"LaSalle, Ill.",'3-4-0',228.40,"1,160.00",5500.00,,,
PBA Owens Illinois Classic,2025-02-03T12:00:00Z,2025-02-08T12:00:00Z,PBA Owens Illinois Classic,316 Center Dr. Vernon Hills IL 60061 United States,Carmen Salvino,42.0,,,15,"David ""Boog"" Krol","Nixa, Mo.",'4-7-0',213.72,"1,160.00",5500.00,,,
PBA Owens Illinois Classic,2025-02-03T12:00:00Z,2025-02-08T12:00:00Z,PBA Owens Illinois Classic,316 Center Dr. Vernon Hills IL 60061 United States,Carmen Salvino,42.0,,,16,Tommy Jones,"Simpsonville, S.C.",'7-6-1',219.09,"1,160.00",5500.00,,,
PBA Owens Illinois Classic,2025-02-03T12:00:00Z,2025-02-08T12:00:00Z,PBA Owens Illinois Classic,316 Center Dr. Vernon Hills IL 60061 United States,Carmen Salvino,42.0,,,17,Jesper Svensson,Sweden,'3-4-0',225.88,750.00,4000.00,,,
PBA Owens Illinois Classic,2025-02-03T12:00:00Z,2025-02-08T12:00:00Z,PBA Owens Illinois Classic,316 Center Dr. Vernon Hills IL 60061 United States,Carmen Salvino,42.0,,,18,Anthony Neuer,"Lewisburg, Pa.",'2-4-1',216.76,750.00,4000.00,,,
PBA Owens Illinois Classic,2025-02-03T12:00:00Z,2025-02-08T12:00:00Z,PBA Owens Illinois Classic,316 Center Dr. Vernon Hills IL 60061 United States,Carmen Salvino,42.0,,,19,Bailey Mavrick,"Peru, Ind.",'1-4-0',224.22,750.00,4000.00,,,
PBA Owens Illinois Classic,2025-02-03T12:00:00Z,2025-02-08T12:00:00Z,PBA Owens Illinois Classic,316 Center Dr. Vernon Hills IL 60061 United States,Carmen Salvino,42.0,,,20,Jordan Malott,"Ft. Wayne, Ind.",'2-3-1',222.13,750.00,4000.00,,,
PBA Owens Illinois Classic,2025-02-03T12:00:00Z,2025-02-08T12:00:00Z,PBA Owens Illinois Classic,316 Center Dr. Vernon Hills IL 60061 United States,Carmen Salvino,42.0,,,21,Wes Malott,"Fort Wayne, Ind.",'3-4-0',214.52,750.00,4000.00,,,
PBA Owens Illinois Classic,2025-02-03T12:00:00Z,2025-02-08T12:00:00Z,PBA Owens Illinois Classic,316 Center Dr. Vernon Hills IL 60061 United States,Carmen Salvino,42.0,,,22,Matt Sanders,"Evansville, Ind.",'2-4-0',222.92,750.00,4000.00,,,
PBA Owens Illinois Classic,2025-02-03T12:00:00Z,2025-02-08T12:00:00Z,PBA Owens Illinois Classic,316 Center Dr. Vernon Hills IL 60061 United States,Carmen Salvino,42.0,,,23,Dom Barrett,"Great Bentley, England",'0-4-0',220.82,750.00,4000.00,,,
PBA Owens Illinois Classic,2025-02-03T12:00:00Z,2025-02-08T12:00:00Z,PBA Owens Illinois Classic,316 Center Dr. Vernon Hills IL 60061 United States,Carmen Salvino,42.0,,,24,Jakob Butturff,"Tempe, Ariz.",'0-0-0',222.56,750.00,4000.00,,,
PBA Owens Illinois Classic,2025-02-03T12:00:00Z,2025-02-08T12:00:00Z,PBA Owens Illinois Classic,316 Center Dr. Vernon Hills IL 60061 United States,Carmen Salvino,42.0,,,25,Patrick Dombrowski,"Parma, Ohio",'0-0-0',222.22,570.00,2900.00,,,
PBA Owens Illinois Classic,2025-02-03T12:00:00Z,2025-02-08T12:00:00Z,PBA Owens Illinois Classic,316 Center Dr. Vernon Hills IL 60061 United States,Carmen Salvino,42.0,,,26,Tom Smallwood,"Saginaw, Mich.",'--',222.17,550.00,2800.00,,,
PBA Owens Illinois Classic,2025-02-03T12:00:00Z,2025-02-08T12:00:00Z,PBA Owens Illinois Classic,316 Center Dr. Vernon Hills IL 60061 United States,Carmen Salvino,42.0,,,27,Tomas Käyhkö,Finland,'--',222.11,530.00,2750.00,,,
PBA Owens Illinois Classic,2025-02-03T12:00:00Z,2025-02-08T12:00:00Z,PBA Owens Illinois Classic,316 Center Dr. Vernon Hills IL 60061 United States,Carmen Salvino,42.0,,,28,Mitch Hupé,"Winnipeg, MB",'--',221.89,510.00,2700.00,,,
PBA Owens Illinois Classic,2025-02-03T12:00:00Z,2025-02-08T12:00:00Z,PBA Owens Illinois Classic,316 Center Dr. Vernon Hills IL 60061 United States,Carmen Salvino,42.0,,,29,EJ Tackett,"Bluffton, Ind.",'--',221.83,490.00,2650.00,,,
PBA Owens Illinois Classic,2025-02-03T12:00:00Z,2025-02-08T12:00:00Z,PBA Owens Illinois Classic,316 Center Dr. Vernon Hills IL 60061 United States,Carmen Salvino,42.0,,,30,François Lavoie,Canada,'--',221.78,470.00,2600.00,,,
PBA Owens Illinois Classic,2025-02-03T12:00:00Z,2025-02-08T12:00:00Z,PBA Owens Illinois Classic,316 Center Dr. Vernon Hills IL 60061 United States,Carmen Salvino,42.0,,,31,Thomas McNeal,"Seattle, Wash.",'--',221.67,450.00,2550.00,,,
PBA Owens Illinois Classic,2025-02-03T12:00:00Z,2025-02-08T12:00:00Z,PBA Owens Illinois Classic,316 Center Dr. Vernon Hills IL 60061 United States,Carmen Salvino,42.0,,,32,Chris Sloan,Ireland,'--',221.61,430.00,2500.00,,,
PBA Owens Illinois Classic,2025-02-03T12:00:00Z,2025-02-08T12:00:00Z,PBA Owens Illinois Classic,316 Center Dr. Vernon Hills IL 60061 United States,Carmen Salvino,42.0,,,33,Sam Cooley,Australia,'--',221.56,410.00,0.00,,,
PBA Owens Illinois Classic,2025-02-03T12:00:00Z,2025-02-08T12:00:00Z,PBA Owens Illinois Classic,316 Center Dr. Vernon Hills IL 60061 United States,Carmen Salvino,42.0,,,34,Brad Miller,"Lees Summit, Mo.",'--',221.28,395.00,0.00,,,
PBA Owens Illinois Classic,2025-02-03T12:00:00Z,2025-02-08T12:00:00Z,PBA Owens Illinois Classic,316 Center Dr. Vernon Hills IL 60061 United States,Carmen Salvino,42.0,,,35,AJ Chapman,"Manchester, Iowa",'--',221.28,395.00,0.00,,,
PBA Owens Illinois Classic,2025-02-03T12:00:00Z,2025-02-08T12:00:00Z,PBA Owens Illinois Classic,316 Center Dr. Vernon Hills IL 60061 United States,Carmen Salvino,42.0,,,36,Jason Sterner,"Rochester, N.Y.",'--',220.83,380.00,0.00,,,
PBA Owens Illinois Classic,2025-02-03T12:00:00Z,2025-02-08T12:00:00Z,PBA Owens Illinois Classic,316 Center Dr. Vernon Hills IL 60061 United States,Carmen Salvino,42.0,,,37,Kyle Troup,"Taylorsville, N.C.",'--',220.33,370.00,0.00,,,
PBA Owens Illinois Classic,2025-02-03T12:00:00Z,2025-02-08T12:00:00Z,PBA Owens Illinois Classic,316 Center Dr. Vernon Hills IL 60061 United States,Carmen Salvino,42.0,,,38,Sean Lavery-Spahr,"Pasadena, Texas",'--',219.89,360.00,0.00,,,
PBA Owens Illinois Classic,2025-02-03T12:00:00Z,2025-02-08T12:00:00Z,PBA Owens Illinois Classic,316 Center Dr. Vernon Hills IL 60061 United States,Carmen Salvino,42.0,,,39,Andrew Anderson,"Holly, Mich.",'--',219.61,345.00,0.00,,,
PBA Owens Illinois Classic,2025-02-03T12:00:00Z,2025-02-08T12:00:00Z,PBA Owens Illinois Classic,316 Center Dr. Vernon Hills IL 60061 United States,Carmen Salvino,42.0,,,40,DJ Archer,"Louisville, Ky.",'--',219.61,345.00,0.00,,,
PBA Owens Illinois Classic,2025-02-03T12:00:00Z,2025-02-08T12:00:00Z,PBA Owens Illinois Classic,316 Center Dr. Vernon Hills IL 60061 United States,Carmen Salvino,42.0,,,41,Nathan Bohr,"Austin, Texas",'--',219.44,330.00,0.00,,,
PBA Owens Illinois Classic,2025-02-03T12:00:00Z,2025-02-08T12:00:00Z,PBA Owens Illinois Classic,316 Center Dr. Vernon Hills IL 60061 United States,Carmen Salvino,42.0,,,42,Anthony Simonsen,Las Vegas,'--',218.94,320.00,0.00,,,
PBA Owens Illinois Classic,2025-02-03T12:00:00Z,2025-02-08T12:00:00Z,PBA Owens Illinois Classic,316 Center Dr. Vernon Hills IL 60061 United States,Carmen Salvino,42.0,,,43,Richie Teece,"Aldershot, Hampshire",'--',218.72,310.00,0.00,,,
PBA Owens Illinois Classic,2025-02-03T12:00:00Z,2025-02-08T12:00:00Z,PBA Owens Illinois Classic,316 Center Dr. Vernon Hills IL 60061 United States,Carmen Salvino,42.0,,,44,Packy Hanrahan,"Wichita, Kan.",'--',218.50,300.00,0.00,,,
PBA Owens Illinois Classic,2025-02-03T12:00:00Z,2025-02-08T12:00:00Z,PBA Owens Illinois Classic,316 Center Dr. Vernon Hills IL 60061 United States,Carmen Salvino,42.0,,,45,BJ Moore,"Greensburg, Pa.",'--',218.33,290.00,0.00,,,
PBA Owens Illinois Classic,2025-02-03T12:00:00Z,2025-02-08T12:00:00Z,PBA Owens Illinois Classic,316 Center Dr. Vernon Hills IL 60061 United States,Carmen Salvino,42.0,,,46,Tom Daugherty,"Riverview, Fla.",'--',217.94,280.00,0.00,,,
PBA Owens Illinois Classic,2025-02-03T12:00:00Z,2025-02-08T12:00:00Z,PBA Owens Illinois Classic,316 Center Dr. Vernon Hills IL 60061 United States,Carmen Salvino,42.0,,,47,Stu Williams,"Pflugerville, Texas",'--',217.39,270.00,0.00,,,
PBA Owens Illinois Classic,2025-02-03T12:00:00Z,2025-02-08T12:00:00Z,PBA Owens Illinois Classic,316 Center Dr. Vernon Hills IL 60061 United States,Carmen Salvino,42.0,,,48,Nate Purches,"Fond du Lac, Wis.",'--',216.89,260.00,0.00,,,
PBA Owens Illinois Classic,2025-02-03T12:00:00Z,2025-02-08T12:00:00Z,PBA Owens Illinois Classic,316 Center Dr. Vernon Hills IL 60061 United States,Carmen Salvino,42.0,,,49,Justin Knowles,"Okemos, Mich.",'--',216.78,250.00,0.00,,,
PBA Owens Illinois Classic,2025-02-03T12:00:00Z,2025-02-08T12:00:00Z,PBA Owens Illinois Classic,316 Center Dr. Vernon Hills IL 60061 United States,Carmen Salvino,42.0,,,50,Zach Wilkins,Canada,'--',216.72,240.00,0.00,,,
PBA Owens Illinois Classic,2025-02-03T12:00:00Z,2025-02-08T12:00:00Z,PBA Owens Illinois Classic,316 Center Dr. Vernon Hills IL 60061 United States,Carmen Salvino,42.0,,,51,AJ Johnson,"Oswego, Ill.",'--',216.28,230.00,0.00,,,
PBA Owens Illinois Classic,2025-02-03T12:00:00Z,2025-02-08T12:00:00Z,PBA Owens Illinois Classic,316 Center Dr. Vernon Hills IL 60061 United States,Carmen Salvino,42.0,,,52,Chris Barnes,"Denton, Texas",'--',216.11,220.00,0.00,,,
PBA Owens Illinois Classic,2025-02-03T12:00:00Z,2025-02-08T12:00:00Z,PBA Owens Illinois Classic,316 Center Dr. Vernon Hills IL 60061 United States,Carmen Salvino,42.0,,,53,Kevin McCune,"Munster, Ind.",'--',215.89,210.00,0.00,,,
PBA Owens Illinois Classic,2025-02-03T12:00:00Z,2025-02-08T12:00:00Z,PBA Owens Illinois Classic,316 Center Dr. Vernon Hills IL 60061 United States,Carmen Salvino,42.0,,,54,Darren Tang,Las Vegas,'--',214.72,200.00,0.00,,,
PBA Owens Illinois Classic,2025-02-03T12:00:00Z,2025-02-08T12:00:00Z,PBA Owens Illinois Classic,316 Center Dr. Vernon Hills IL 60061 United States,Carmen Salvino,42.0,,,55,Jake Peters,"Henderson, Nev.",'--',214.61,190.00,0.00,,,
PBA Owens Illinois Classic,2025-02-03T12:00:00Z,2025-02-08T12:00:00Z,PBA Owens Illinois Classic,316 Center Dr. Vernon Hills IL 60061 United States,Carmen Salvino,42.0,,,56,JR Raymond,"Clinton Twp., Mich.",'--',214.50,175.00,0.00,,,
PBA Owens Illinois Classic,2025-02-03T12:00:00Z,2025-02-08T12:00:00Z,PBA Owens Illinois Classic,316 Center Dr. Vernon Hills IL 60061 United States,Carmen Salvino,42.0,,,57,Cody Shoemaker,"Hanover, Pa.",'--',214.50,175.00,0.00,,,
PBA Owens Illinois Classic,2025-02-03T12:00:00Z,2025-02-08T12:00:00Z,PBA Owens Illinois Classic,316 Center Dr. Vernon Hills IL 60061 United States,Carmen Salvino,42.0,,,58,Kyle Sherman,"O'Fallon, Mo.",'--',214.06,160.00,0.00,,,
PBA Owens Illinois Classic,2025-02-03T12:00:00Z,2025-02-08T12:00:00Z,PBA Owens Illinois Classic,316 Center Dr. Vernon Hills IL 60061 United States,Carmen Salvino,42.0,,,59,Deo Benard,"Roanoke, Texas",'--',213.06,150.00,0.00,,,
PBA Owens Illinois Classic,2025-02-03T12:00:00Z,2025-02-08T12:00:00Z,PBA Owens Illinois Classic,316 Center Dr. Vernon Hills IL 60061 United States,Carmen Salvino,42.0,,,60,Chase Nadeau,Las Vegas,'--',212.39,140.00,0.00,,,
PBA Owens Illinois Classic,2025-02-03T12:00:00Z,2025-02-08T12:00:00Z,PBA Owens Illinois Classic,316 Center Dr. Vernon Hills IL 60061 United States,Carmen Salvino,42.0,,,61,Will Clark,"Montgomery, Ill.",'--',212.06,130.00,0.00,,,
PBA Owens Illinois Classic,2025-02-03T12:00:00Z,2025-02-08T12:00:00Z,PBA Owens Illinois Classic,316 Center Dr. Vernon Hills IL 60061 United States,Carmen Salvino,42.0,,,62,Frank Snodgrass,"Adrian, MI",'--',212.00,120.00,0.00,,,
PBA Owens Illinois Classic,2025-02-03T12:00:00Z,2025-02-08T12:00:00Z,PBA Owens Illinois Classic,316 Center Dr. Vernon Hills IL 60061 United States,Carmen Salvino,42.0,,,63,Cam Crowe,"Orland Park, Ill.",'--',211.61,110.00,0.00,,,
PBA Owens Illinois Classic,2025-02-03T12:00:00Z,2025-02-08T12:00:00Z,PBA Owens Illinois Classic,316 Center Dr. Vernon Hills IL 60061 United States,Carmen Salvino,42.0,,,64,Andrew Hall,"Westborough, Mass.",'--',211.44,100.00,0.00,,,
PBA Owens Illinois Classic,2025-02-03T12:00:00Z,2025-02-08T12:00:00Z,PBA Owens Illinois Classic,316 Center Dr. Vernon Hills IL 60061 United States,Carmen Salvino,42.0,,,65,Cristian Azcona,Puerto Rico,'--',211.17,90.00,0.00,,,
PBA Owens Illinois Classic,2025-02-03T12:00:00Z,2025-02-08T12:00:00Z,PBA Owens Illinois Classic,316 Center Dr. Vernon Hills IL 60061 United States,Carmen Salvino,42.0,,,66,Deeronn Booker,"Anaheim, Calif.",'--',210.50,90.00,0.00,,,
PBA Owens Illinois Classic,2025-02-03T12:00:00Z,2025-02-08T12:00:00Z,PBA Owens Illinois Classic,316 Center Dr. Vernon Hills IL 60061 United States,Carmen Salvino,42.0,,,67,Kim Bolleby,Sweden,'--',210.17,90.00,0.00,,,
PBA Owens Illinois Classic,2025-02-03T12:00:00Z,2025-02-08T12:00:00Z,PBA Owens Illinois Classic,316 Center Dr. Vernon Hills IL 60061 United States,Carmen Salvino,42.0,,,68,Thomas Larsen,Denmark,'--',209.72,90.00,0.00,,,
PBA Owens Illinois Classic,2025-02-03T12:00:00Z,2025-02-08T12:00:00Z,PBA Owens Illinois Classic,316 Center Dr. Vernon Hills IL 60061 United States,Carmen Salvino,42.0,,,69,Brandon Runk,"Milton, Pa.",'--',209.39,90.00,0.00,,,
PBA Owens Illinois Classic,2025-02-03T12:00:00Z,2025-02-08T12:00:00Z,PBA Owens Illinois Classic,316 Center Dr. Vernon Hills IL 60061 United States,Carmen Salvino,42.0,,,70,Marshall Kent,"Yakima, Wash.",'--',208.89,90.00,0.00,,,
PBA Owens Illinois Classic,2025-02-03T12:00:00Z,2025-02-08T12:00:00Z,PBA Owens Illinois Classic,316 Center Dr. Vernon Hills IL 60061 United States,Carmen Salvino,42.0,,,71,Matt Russo,"Ballwin, Missouri",'--',208.28,90.00,0.00,,,
PBA Owens Illinois Classic,2025-02-03T12:00:00Z,2025-02-08T12:00:00Z,PBA Owens Illinois Classic,316 Center Dr. Vernon Hills IL 60061 United States,Carmen Salvino,42.0,,,72,Nick Pate,"Inver Grove Heights, Minn.",'--',208.17,90.00,0.00,,,
PBA Owens Illinois Classic,2025-02-03T12:00:00Z,2025-02-08T12:00:00Z,PBA Owens Illinois Classic,316 Center Dr. Vernon Hills IL 60061 United States,Carmen Salvino,42.0,,,73,Jace Meyer,"Monticello, Iowa",'--',207.06,90.00,0.00,,,
PBA Owens Illinois Classic,2025-02-03T12:00:00Z,2025-02-08T12:00:00Z,PBA Owens Illinois Classic,316 Center Dr. Vernon Hills IL 60061 United States,Carmen Salvino,42.0,,,74,Ronnie Russell,"Noblesville, Ind.",'--',204.89,90.00,0.00,,,
PBA Owens Illinois Classic,2025-02-03T12:00:00Z,2025-02-08T12:00:00Z,PBA Owens Illinois Classic,316 Center Dr. Vernon Hills IL 60061 United States,Carmen Salvino,42.0,,,75,Keven Williams,"Roseville, CA",'--',204.83,90.00,0.00,,,
PBA Owens Illinois Classic,2025-02-03T12:00:00Z,2025-02-08T12:00:00Z,PBA Owens Illinois Classic,316 Center Dr. Vernon Hills IL 60061 United States,Carmen Salvino,42.0,,,76,Seth Lehman,"Crystal Lake, Ill.",'--',204.33,90.00,0.00,,,
PBA Owens Illinois Classic,2025-02-03T12:00:00Z,2025-02-08T12:00:00Z,PBA Owens Illinois Classic,316 Center Dr. Vernon Hills IL 60061 United States,Carmen Salvino,42.0,,,77,Gary Faulkner Jr.,"Memphis, Tenn.",'--',204.33,90.00,0.00,,,
PBA Owens Illinois Classic,2025-02-03T12:00:00Z,2025-02-08T12:00:00Z,PBA Owens Illinois Classic,316 Center Dr. Vernon Hills IL 60061 United States,Carmen Salvino,42.0,,,78,David Northouse,"Bryon Center, Mich.",'--',201.28,90.00,0.00,,,
PBA Owens Illinois Classic,2025-02-03T12:00:00Z,2025-02-08T12:00:00Z,PBA Owens Illinois Classic,316 Center Dr. Vernon Hills IL 60061 United States,Carmen Salvino,42.0,,,79,Zac Tackett,"Huntington, Ind.",'--',198.94,90.00,0.00,,,
PBA Owens Illinois Classic,2025-02-03T12:00:00Z,2025-02-08T12:00:00Z,PBA Owens Illinois Classic,316 Center Dr. Vernon Hills IL 60061 United States,Carmen Salvino,42.0,,,80,Alec Keplinger,"Angola, Ind.",'--',198.56,90.00,0.00,,,
PBA Owens Illinois Classic PTQ,2025-02-03T12:00:00Z,,PBA Owens Illinois Classic PTQ,316 Center Dr Vernon Hills IL 60061 United States,Mike Aulby,39.0,,,1,Thomas McNeal,"Seattle, Wash.",'--',229.43,0.00,0.00,,,
PBA Owens Illinois Classic PTQ,2025-02-03T12:00:00Z,,PBA Owens Illinois Classic PTQ,316 Center Dr Vernon Hills IL 60061 United States,Mike Aulby,39.0,,,2,Frank Snodgrass,"Adrian, MI",'--',226.86,0.00,0.00,,,
PBA Owens Illinois Classic PTQ,2025-02-03T12:00:00Z,,PBA Owens Illinois Classic PTQ,316 Center Dr Vernon Hills IL 60061 United States,Mike Aulby,39.0,,,3,David Northouse,"Bryon Center, Mich.",'--',225.57,0.00,0.00,,,
PBA Owens Illinois Classic PTQ,2025-02-03T12:00:00Z,,PBA Owens Illinois Classic PTQ,316 Center Dr Vernon Hills IL 60061 United States,Mike Aulby,39.0,,,4,Seth Lehman,"Crystal Lake, Ill.",'--',225.43,0.00,0.00,,,
PBA Owens Illinois Classic PTQ,2025-02-03T12:00:00Z,,PBA Owens Illinois Classic PTQ,316 Center Dr Vernon Hills IL 60061 United States,Mike Aulby,39.0,,,5,Will Clark,"Montgomery, Ill.",'--',224.57,0.00,0.00,,,
PBA Owens Illinois Classic PTQ,2025-02-03T12:00:00Z,,PBA Owens Illinois Classic PTQ,316 Center Dr Vernon Hills IL 60061 United States,Mike Aulby,39.0,,,6,Jace Meyer,"Monticello, Iowa",'--',224.43,0.00,0.00,,,
PBA Owens Illinois Classic PTQ,2025-02-03T12:00:00Z,,PBA Owens Illinois Classic PTQ,316 Center Dr Vernon Hills IL 60061 United States,Mike Aulby,39.0,,,7,Ryan Burton,"Michigan City, Ind.",'--',223.86,40.00,0.00,,,
PBA Owens Illinois Classic PTQ,2025-02-03T12:00:00Z,,PBA Owens Illinois Classic PTQ,316 Center Dr Vernon Hills IL 60061 United States,Mike Aulby,39.0,,,8,Kyle Ponzo,"Chandler, AZ",'--',223.86,40.00,0.00,,,
PBA Owens Illinois Classic PTQ,2025-02-03T12:00:00Z,,PBA Owens Illinois Classic PTQ,316 Center Dr Vernon Hills IL 60061 United States,Mike Aulby,39.0,,,9,Nathan Ruest-Lajoie,"Témiscouata-Sur-Le-Lac, Quebec",'--',222.29,40.00,0.00,,,
PBA Owens Illinois Classic PTQ,2025-02-03T12:00:00Z,,PBA Owens Illinois Classic PTQ,316 Center Dr Vernon Hills IL 60061 United States,Mike Aulby,39.0,,,10,Samuel DeWitt III,"Pittsburgh, Pa.",'--',221.86,40.00,0.00,,,
PBA Owens Illinois Classic PTQ,2025-02-03T12:00:00Z,,PBA Owens Illinois Classic PTQ,316 Center Dr Vernon Hills IL 60061 United States,Mike Aulby,39.0,,,11,Aj Wolstenholme,"Trevose, PA",'--',221.29,35.00,0.00,,,
PBA Owens Illinois Classic PTQ,2025-02-03T12:00:00Z,,PBA Owens Illinois Classic PTQ,316 Center Dr Vernon Hills IL 60061 United States,Mike Aulby,39.0,,,12,Zeke Bayt,"Westerville, Ohio",'--',218.29,35.00,0.00,,,
PBA Owens Illinois Classic PTQ,2025-02-03T12:00:00Z,,PBA Owens Illinois Classic PTQ,316 Center Dr Vernon Hills IL 60061 United States,Mike Aulby,39.0,,,13,Timmy Tan,Malaysia,'--',217.14,35.00,0.00,,,
PBA Owens Illinois Classic PTQ,2025-02-03T12:00:00Z,,PBA Owens Illinois Classic PTQ,316 Center Dr Vernon Hills IL 60061 United States,Mike Aulby,39.0,,,14,Michael Mirabile,"Coram, N.Y.",'--',216.86,35.00,0.00,,,
PBA Owens Illinois Classic PTQ,2025-02-03T12:00:00Z,,PBA Owens Illinois Classic PTQ,316 Center Dr Vernon Hills IL 60061 United States,Mike Aulby,39.0,,,15,Michael Davidson,"Versailles, Ohio",'--',216.57,35.00,0.00,,,
PBA Owens Illinois Classic PTQ,2025-02-03T12:00:00Z,,PBA Owens Illinois Classic PTQ,316 Center Dr Vernon Hills IL 60061 United States,Mike Aulby,39.0,,,16,T.J. Rock,"Las Vegas, Nev.",'--',216.43,35.00,0.00,,,
PBA Owens Illinois Classic PTQ,2025-02-03T12:00:00Z,,PBA Owens Illinois Classic PTQ,316 Center Dr Vernon Hills IL 60061 United States,Mike Aulby,39.0,,,17,Dallas Leong,"Las Vegas, Nev.",'--',216.43,35.00,0.00,,,
PBA Owens Illinois Classic PTQ,2025-02-03T12:00:00Z,,PBA Owens Illinois Classic PTQ,316 Center Dr Vernon Hills IL 60061 United States,Mike Aulby,39.0,,,18,Bryan Bourget,"Woonsocket, R.I.",'--',216.00,35.00,0.00,,,
PBA Owens Illinois Classic PTQ,2025-02-03T12:00:00Z,,PBA Owens Illinois Classic PTQ,316 Center Dr Vernon Hills IL 60061 United States,Mike Aulby,39.0,,,19,Jorge Rodriguez,Yauco,'--',215.57,35.00,0.00,,,
PBA Owens Illinois Classic PTQ,2025-02-03T12:00:00Z,,PBA Owens Illinois Classic PTQ,316 Center Dr Vernon Hills IL 60061 United States,Mike Aulby,39.0,,,20,Joshua McCandless,"Midlothian, VA",'--',214.57,35.00,0.00,,,
PBA Owens Illinois Classic PTQ,2025-02-03T12:00:00Z,,PBA Owens Illinois Classic PTQ,316 Center Dr Vernon Hills IL 60061 United States,Mike Aulby,39.0,,,21,Arturo Quintero,Mexico,'--',214.57,30.00,0.00,,,
PBA Owens Illinois Classic PTQ,2025-02-03T12:00:00Z,,PBA Owens Illinois Classic PTQ,316 Center Dr Vernon Hills IL 60061 United States,Mike Aulby,39.0,,,22,Brandon Biondo,"Carpentersville, Ill.",'--',214.00,30.00,0.00,,,
PBA Owens Illinois Classic PTQ,2025-02-03T12:00:00Z,,PBA Owens Illinois Classic PTQ,316 Center Dr Vernon Hills IL 60061 United States,Mike Aulby,39.0,,,23,Patrick Girard,Canada,'--',213.71,30.00,0.00,,,
PBA Owens Illinois Classic PTQ,2025-02-03T12:00:00Z,,PBA Owens Illinois Classic PTQ,316 Center Dr Vernon Hills IL 60061 United States,Mike Aulby,39.0,,,24,Jean Perez,Puerto Rico,'--',213.00,30.00,0.00,,,
PBA Owens Illinois Classic PTQ,2025-02-03T12:00:00Z,,PBA Owens Illinois Classic PTQ,316 Center Dr Vernon Hills IL 60061 United States,Mike Aulby,39.0,,,25,Ryan Zagar,"Racine, Wis.",'--',212.29,30.00,0.00,,,
PBA Owens Illinois Classic PTQ,2025-02-03T12:00:00Z,,PBA Owens Illinois Classic PTQ,316 Center Dr Vernon Hills IL 60061 United States,Mike Aulby,39.0,,,26,Tim Gruendler,"St. Louis, Mo.",'--',210.71,30.00,0.00,,,
PBA Owens Illinois Classic PTQ,2025-02-03T12:00:00Z,,PBA Owens Illinois Classic PTQ,316 Center Dr Vernon Hills IL 60061 United States,Mike Aulby,39.0,,,27,Brian Schamber,"Ruidoso, N.M.",'--',207.57,30.00,0.00,,,
PBA Owens Illinois Classic PTQ,2025-02-03T12:00:00Z,,PBA Owens Illinois Classic PTQ,316 Center Dr Vernon Hills IL 60061 United States,Mike Aulby,39.0,,,28,Darin Bloomquist,"Rhinelander, Wis.",'--',207.43,30.00,0.00,,,
PBA Owens Illinois Classic PTQ,2025-02-03T12:00:00Z,,PBA Owens Illinois Classic PTQ,316 Center Dr Vernon Hills IL 60061 United States,Mike Aulby,39.0,,,29,Ethan Fiore,"Tampa, Fla.",'--',206.86,30.00,0.00,,,
PBA Owens Illinois Classic PTQ,2025-02-03T12:00:00Z,,PBA Owens Illinois Classic PTQ,316 Center Dr Vernon Hills IL 60061 United States,Mike Aulby,39.0,,,30,Trevor Roberts,"Crystal River, Fla.",'--',206.71,30.00,0.00,,,
PBA Owens Illinois Classic PTQ,2025-02-03T12:00:00Z,,PBA Owens Illinois Classic PTQ,316 Center Dr Vernon Hills IL 60061 United States,Mike Aulby,39.0,,,31,Nate Garcia,"Port St. Lucie, Fla.",'--',206.43,25.00,0.00,,,
PBA Owens Illinois Classic PTQ,2025-02-03T12:00:00Z,,PBA Owens Illinois Classic PTQ,316 Center Dr Vernon Hills IL 60061 United States,Mike Aulby,39.0,,,32,Rj Golisano,Rochester NY,'--',206.14,25.00,0.00,,,
PBA Owens Illinois Classic PTQ,2025-02-03T12:00:00Z,,PBA Owens Illinois Classic PTQ,316 Center Dr Vernon Hills IL 60061 United States,Mike Aulby,39.0,,,33,Mason Edmondson,"Amarillo, Texas",'--',204.00,25.00,0.00,,,
PBA Owens Illinois Classic PTQ,2025-02-03T12:00:00Z,,PBA Owens Illinois Classic PTQ,316 Center Dr Vernon Hills IL 60061 United States,Mike Aulby,39.0,,,34,Brian Robinson,"Morgantown, W. Va.",'--',199.14,25.00,0.00,,,
PBA Owens Illinois Classic PTQ,2025-02-03T12:00:00Z,,PBA Owens Illinois Classic PTQ,316 Center Dr Vernon Hills IL 60061 United States,Mike Aulby,39.0,,,35,Ryan Lopano,"Little River, S.C.",'--',196.57,25.00,0.00,,,
PBA Owens Illinois Classic PTQ,2025-02-03T12:00:00Z,,PBA Owens Illinois Classic PTQ,316 Center Dr Vernon Hills IL 60061 United States,Mike Aulby,39.0,,,36,Killian Kilpatrick,"Erie, Pa.",'--',194.29,25.00,0.00,,,
PBA Owens Illinois Classic PTQ,2025-02-03T12:00:00Z,,PBA Owens Illinois Classic PTQ,316 Center Dr Vernon Hills IL 60061 United States,Mike Aulby,39.0,,,37,Scott McIntire Jr.,"Parma, Ohio",'--',194.00,25.00,0.00,,,
PBA Owens Illinois Classic PTQ,2025-02-03T12:00:00Z,,PBA Owens Illinois Classic PTQ,316 Center Dr Vernon Hills IL 60061 United States,Mike Aulby,39.0,,,38,Callum Borck,"Perth, Austraillia",'--',193.86,25.00,0.00,,,
PBA Owens Illinois Classic PTQ,2025-02-03T12:00:00Z,,PBA Owens Illinois Classic PTQ,316 Center Dr Vernon Hills IL 60061 United States,Mike Aulby,39.0,,,39,Will Vidulich,"Budd Lake, N.J.",'--',191.14,25.00,0.00,,,
PBA Owens Illinois Classic PTQ,2025-02-03T12:00:00Z,,PBA Owens Illinois Classic PTQ,316 Center Dr Vernon Hills IL 60061 United States,Mike Aulby,39.0,,,40,Trenton Holz,"Milwaukee, Wis.",'--',191.00,25.00,0.00,,,
PBA Owens Illinois Classic PTQ,2025-02-03T12:00:00Z,,PBA Owens Illinois Classic PTQ,316 Center Dr Vernon Hills IL 60061 United States,Mike Aulby,39.0,,,41,Frank Miller,"Gilberts, IL",'--',190.14,20.00,0.00,,,
PBA Owens Illinois Classic PTQ,2025-02-03T12:00:00Z,,PBA Owens Illinois Classic PTQ,316 Center Dr Vernon Hills IL 60061 United States,Mike Aulby,39.0,,,42,Derek Graham,"Glenview, IL",'--',190.00,20.00,0.00,,,
PBA Owens Illinois Classic PTQ,2025-02-03T12:00:00Z,,PBA Owens Illinois Classic PTQ,316 Center Dr Vernon Hills IL 60061 United States,Mike Aulby,39.0,,,43,Jeremy Dennison,Lockport illinois,'--',189.71,20.00,0.00,,,
PBA Owens Illinois Classic PTQ,2025-02-03T12:00:00Z,,PBA Owens Illinois Classic PTQ,316 Center Dr Vernon Hills IL 60061 United States,Mike Aulby,39.0,,,44,Kyle Clement,"Dafter, Mich.",'--',189.57,20.00,0.00,,,
PBA Owens Illinois Classic PTQ,2025-02-03T12:00:00Z,,PBA Owens Illinois Classic PTQ,316 Center Dr Vernon Hills IL 60061 United States,Mike Aulby,39.0,,,45,Joshua Green,"Baton Rouge, Louisiana",'--',188.29,20.00,0.00,,,
PBA Owens Illinois Classic PTQ,2025-02-03T12:00:00Z,,PBA Owens Illinois Classic PTQ,316 Center Dr Vernon Hills IL 60061 United States,Mike Aulby,39.0,,,46,Scott Lebeau,"Peyton, Colo.",'--',187.57,20.00,0.00,,,
PBA Owens Illinois Classic PTQ,2025-02-03T12:00:00Z,,PBA Owens Illinois Classic PTQ,316 Center Dr Vernon Hills IL 60061 United States,Mike Aulby,39.0,,,47,Trevor Ashby,"Springfield, W. Va.",'--',187.29,20.00,0.00,,,
PBA Owens Illinois Classic PTQ,2025-02-03T12:00:00Z,,PBA Owens Illinois Classic PTQ,316 Center Dr Vernon Hills IL 60061 United States,Mike Aulby,39.0,,,48,Maxwell Sloan,"Chicago, Illinois",'--',186.29,20.00,0.00,,,
PBA Owens Illinois Classic PTQ,2025-02-03T12:00:00Z,,PBA Owens Illinois Classic PTQ,316 Center Dr Vernon Hills IL 60061 United States,Mike Aulby,39.0,,,49,Daniel Spore,"Portage, IN",'--',186.29,20.00,0.00,,,
PBA Owens Illinois Classic PTQ,2025-02-03T12:00:00Z,,PBA Owens Illinois Classic PTQ,316 Center Dr Vernon Hills IL 60061 United States,Mike Aulby,39.0,,,50,Stephen Hoehnen,"Sussex, Wis.",'--',184.43,20.00,0.00,,,
PBA Owens Illinois Classic PTQ,2025-02-03T12:00:00Z,,PBA Owens Illinois Classic PTQ,316 Center Dr Vernon Hills IL 60061 United States,Mike Aulby,39.0,,,51,Christopher Watson,"Crest Hill, Ill.",'--',180.43,15.00,0.00,,,
PBA Owens Illinois Classic PTQ,2025-02-03T12:00:00Z,,PBA Owens Illinois Classic PTQ,316 Center Dr Vernon Hills IL 60061 United States,Mike Aulby,39.0,,,52,Lance Morris,"Beattyville, Ky.",'--',179.00,15.00,0.00,,,
PBA Owens Illinois Classic PTQ,2025-02-03T12:00:00Z,,PBA Owens Illinois Classic PTQ,316 Center Dr Vernon Hills IL 60061 United States,Mike Aulby,39.0,,,53,Germaine Tyler,"Bolingbrook, Ill.",'--',177.29,15.00,0.00,,,
PBA Owens Illinois Classic PTQ,2025-02-03T12:00:00Z,,PBA Owens Illinois Classic PTQ,316 Center Dr Vernon Hills IL 60061 United States,Mike Aulby,39.0,,,54,Christopher Dower,"Cary, Ill.",'--',176.71,15.00,0.00,,,
PBA Owens Illinois Classic PTQ,2025-02-03T12:00:00Z,,PBA Owens Illinois Classic PTQ,316 Center Dr Vernon Hills IL 60061 United States,Mike Aulby,39.0,,,55,Blake Johnson,East Grand Forks,'--',170.86,15.00,0.00,,,
PBA Pete Weber Missouri Classic,2025-02-11T12:00:00Z,2025-02-16T12:00:00Z,PBA Pete Weber Missouri Classic,1625 South Enterprise Springfield MO 65807 United States,Info,,,,1,EJ Tackett,"Bluffton, Ind.",'1-0-0',233.07,"5,000.00",30000.00,,,
PBA Pete Weber Missouri Classic,2025-02-11T12:00:00Z,2025-02-16T12:00:00Z,PBA Pete Weber Missouri Classic,1625 South Enterprise Springfield MO 65807 United States,Info,,,,2,Dom Barrett,"Great Bentley, England",'3-1-0',222.33,"3,000.00",18000.00,,,
PBA Pete Weber Missouri Classic,2025-02-11T12:00:00Z,2025-02-16T12:00:00Z,PBA Pete Weber Missouri Classic,1625 South Enterprise Springfield MO 65807 United States,Info,,,,3,Tim Foy Jr.,"Seaford, Del.",'0-1-0',229.39,"2,300.00",13000.00,,,
PBA Pete Weber Missouri Classic,2025-02-11T12:00:00Z,2025-02-16T12:00:00Z,PBA Pete Weber Missouri Classic,1625 South Enterprise Springfield MO 65807 United States,Info,,,,4,Timmy Tan,Malaysia,'0-1-0',219.21,"1,900.00",10000.00,,,
PBA Pete Weber Missouri Classic,2025-02-11T12:00:00Z,2025-02-16T12:00:00Z,PBA Pete Weber Missouri Classic,1625 South Enterprise Springfield MO 65807 United States,Info,,,,5,Ryan Barnes,"Denton, Texas",'0-1-0',222.43,"1,700.00",9000.00,,,
PBA Pete Weber Missouri Classic,2025-02-11T12:00:00Z,2025-02-16T12:00:00Z,PBA Pete Weber Missouri Classic,1625 South Enterprise Springfield MO 65807 United States,Info,,,,6,Kyle Troup,"Taylorsville, N.C.",'7-6-0',230.16,"1,490.00",7500.00,,,
PBA Pete Weber Missouri Classic,2025-02-11T12:00:00Z,2025-02-16T12:00:00Z,PBA Pete Weber Missouri Classic,1625 South Enterprise Springfield MO 65807 United States,Info,,,,7,Andrew Anderson,"Holly, Mich.",'8-4-1',220.48,"1,490.00",7500.00,,,
PBA Pete Weber Missouri Classic,2025-02-11T12:00:00Z,2025-02-16T12:00:00Z,PBA Pete Weber Missouri Classic,1625 South Enterprise Springfield MO 65807 United States,Info,,,,8,Tomas Käyhkö,Finland,'10-7-0',217.77,"1,490.00",7500.00,,,
PBA Pete Weber Missouri Classic,2025-02-11T12:00:00Z,2025-02-16T12:00:00Z,PBA Pete Weber Missouri Classic,1625 South Enterprise Springfield MO 65807 United States,Info,,,,9,Kevin McCune,"Munster, Ind.",'1-4-1',222.58,"1,160.00",5500.00,,,
PBA Pete Weber Missouri Classic,2025-02-11T12:00:00Z,2025-02-16T12:00:00Z,PBA Pete Weber Missouri Classic,1625 South Enterprise Springfield MO 65807 United States,Info,,,,10,AJ Johnson,"Oswego, Ill.",'1-4-0',218.70,"1,160.00",5500.00,,,
PBA Pete Weber Missouri Classic,2025-02-11T12:00:00Z,2025-02-16T12:00:00Z,PBA Pete Weber Missouri Classic,1625 South Enterprise Springfield MO 65807 United States,Info,,,,11,Bill O'Neill,"Langhorne, Pa.",'2-4-0',221.29,"1,160.00",5500.00,,,
PBA Pete Weber Missouri Classic,2025-02-11T12:00:00Z,2025-02-16T12:00:00Z,PBA Pete Weber Missouri Classic,1625 South Enterprise Springfield MO 65807 United States,Info,,,,12,Chris Via,"Springfield, Ohio",'2-4-0',217.21,"1,160.00",5500.00,,,
PBA Pete Weber Missouri Classic,2025-02-11T12:00:00Z,2025-02-16T12:00:00Z,PBA Pete Weber Missouri Classic,1625 South Enterprise Springfield MO 65807 United States,Info,,,,13,Zach Wilkins,Canada,'6-4-0',224.54,"1,160.00",5500.00,,,
PBA Pete Weber Missouri Classic,2025-02-11T12:00:00Z,2025-02-16T12:00:00Z,PBA Pete Weber Missouri Classic,1625 South Enterprise Springfield MO 65807 United States,Info,,,,14,Tom Daugherty,"Riverview, Fla.",'5-6-0',220.10,"1,160.00",5500.00,,,
PBA Pete Weber Missouri Classic,2025-02-11T12:00:00Z,2025-02-16T12:00:00Z,PBA Pete Weber Missouri Classic,1625 South Enterprise Springfield MO 65807 United States,Info,,,,15,Jake Peters,"Henderson, Nev.",'6-7-0',213.87,"1,160.00",5500.00,,,
PBA Pete Weber Missouri Classic,2025-02-11T12:00:00Z,2025-02-16T12:00:00Z,PBA Pete Weber Missouri Classic,1625 South Enterprise Springfield MO 65807 United States,Info,,,,16,Shawn Maldonado,Houston,'5-6-1',215.87,"1,160.00",5500.00,,,
PBA Pete Weber Missouri Classic,2025-02-11T12:00:00Z,2025-02-16T12:00:00Z,PBA Pete Weber Missouri Classic,1625 South Enterprise Springfield MO 65807 United States,Info,,,,17,Sean Lavery-Spahr,"Pasadena, Texas",'1-4-0',216.30,750.00,4000.00,,,
PBA Pete Weber Missouri Classic,2025-02-11T12:00:00Z,2025-02-16T12:00:00Z,PBA Pete Weber Missouri Classic,1625 South Enterprise Springfield MO 65807 United States,Info,,,,18,Richie Teece,"Aldershot, Hampshire",'3-3-1',223.64,750.00,4000.00,,,
PBA Pete Weber Missouri Classic,2025-02-11T12:00:00Z,2025-02-16T12:00:00Z,PBA Pete Weber Missouri Classic,1625 South Enterprise Springfield MO 65807 United States,Info,,,,19,Bailey Mavrick,"Peru, Ind.",'0-4-0',215.09,750.00,4000.00,,,
PBA Pete Weber Missouri Classic,2025-02-11T12:00:00Z,2025-02-16T12:00:00Z,PBA Pete Weber Missouri Classic,1625 South Enterprise Springfield MO 65807 United States,Info,,,,20,Alec Keplinger,"Angola, Ind.",'2-4-1',211.76,750.00,4000.00,,,
PBA Pete Weber Missouri Classic,2025-02-11T12:00:00Z,2025-02-16T12:00:00Z,PBA Pete Weber Missouri Classic,1625 South Enterprise Springfield MO 65807 United States,Info,,,,21,Andrew Hall,"Westborough, Mass.",'3-4-0',213.16,750.00,4000.00,,,
PBA Pete Weber Missouri Classic,2025-02-11T12:00:00Z,2025-02-16T12:00:00Z,PBA Pete Weber Missouri Classic,1625 South Enterprise Springfield MO 65807 United States,Info,,,,22,Sean Rash,"Montgomery, Ill.",'2-4-0',217.25,750.00,4000.00,,,
PBA Pete Weber Missouri Classic,2025-02-11T12:00:00Z,2025-02-16T12:00:00Z,PBA Pete Weber Missouri Classic,1625 South Enterprise Springfield MO 65807 United States,Info,,,,23,Sam Cooley,Australia,'0-4-0',213.32,750.00,4000.00,,,
PBA Pete Weber Missouri Classic,2025-02-11T12:00:00Z,2025-02-16T12:00:00Z,PBA Pete Weber Missouri Classic,1625 South Enterprise Springfield MO 65807 United States,Info,,,,24,AJ Chapman,"Manchester, Iowa",'3-4-0',213.92,750.00,4000.00,,,
PBA Pete Weber Missouri Classic,2025-02-11T12:00:00Z,2025-02-16T12:00:00Z,PBA Pete Weber Missouri Classic,1625 South Enterprise Springfield MO 65807 United States,Info,,,,25,Tommy Jones,"Simpsonville, S.C.",'0-0-0',214.94,570.00,2900.00,,,
PBA Pete Weber Missouri Classic,2025-02-11T12:00:00Z,2025-02-16T12:00:00Z,PBA Pete Weber Missouri Classic,1625 South Enterprise Springfield MO 65807 United States,Info,,,,26,Michael Davidson,"Versailles, Ohio",'--',214.72,540.00,2775.00,,,
PBA Pete Weber Missouri Classic,2025-02-11T12:00:00Z,2025-02-16T12:00:00Z,PBA Pete Weber Missouri Classic,1625 South Enterprise Springfield MO 65807 United States,Info,,,,27,Tom Smallwood,"Saginaw, Mich.",'--',214.72,540.00,2775.00,,,
PBA Pete Weber Missouri Classic,2025-02-11T12:00:00Z,2025-02-16T12:00:00Z,PBA Pete Weber Missouri Classic,1625 South Enterprise Springfield MO 65807 United States,Info,,,,28,Thomas Larsen,Denmark,'--',214.50,510.00,2700.00,,,
PBA Pete Weber Missouri Classic,2025-02-11T12:00:00Z,2025-02-16T12:00:00Z,PBA Pete Weber Missouri Classic,1625 South Enterprise Springfield MO 65807 United States,Info,,,,29,Jakob Butturff,"Tempe, Ariz.",'--',213.83,490.00,2650.00,,,
PBA Pete Weber Missouri Classic,2025-02-11T12:00:00Z,2025-02-16T12:00:00Z,PBA Pete Weber Missouri Classic,1625 South Enterprise Springfield MO 65807 United States,Info,,,,30,BJ Moore,"Greensburg, Pa.",'--',211.89,470.00,2600.00,,,
PBA Pete Weber Missouri Classic,2025-02-11T12:00:00Z,2025-02-16T12:00:00Z,PBA Pete Weber Missouri Classic,1625 South Enterprise Springfield MO 65807 United States,Info,,,,31,Dallas Leong,"Las Vegas, Nev.",'--',211.00,440.00,2525.00,,,
PBA Pete Weber Missouri Classic,2025-02-11T12:00:00Z,2025-02-16T12:00:00Z,PBA Pete Weber Missouri Classic,1625 South Enterprise Springfield MO 65807 United States,Info,,,,32,Packy Hanrahan,"Wichita, Kan.",'--',211.00,440.00,2525.00,,,
PBA Pete Weber Missouri Classic,2025-02-11T12:00:00Z,2025-02-16T12:00:00Z,PBA Pete Weber Missouri Classic,1625 South Enterprise Springfield MO 65807 United States,Info,,,,33,Zach Weidman,"Indianapolis, Ind.",'--',210.22,410.00,0.00,,,
PBA Pete Weber Missouri Classic,2025-02-11T12:00:00Z,2025-02-16T12:00:00Z,PBA Pete Weber Missouri Classic,1625 South Enterprise Springfield MO 65807 United States,Info,,,,34,Matt Ogle,"Louisville, Ky.",'--',210.17,400.00,0.00,,,
PBA Pete Weber Missouri Classic,2025-02-11T12:00:00Z,2025-02-16T12:00:00Z,PBA Pete Weber Missouri Classic,1625 South Enterprise Springfield MO 65807 United States,Info,,,,35,Tim Gruendler,"St. Louis, Mo.",'--',209.11,390.00,0.00,,,
PBA Pete Weber Missouri Classic,2025-02-11T12:00:00Z,2025-02-16T12:00:00Z,PBA Pete Weber Missouri Classic,1625 South Enterprise Springfield MO 65807 United States,Info,,,,36,Nathan Bohr,"Austin, Texas",'--',209.00,380.00,0.00,,,
PBA Pete Weber Missouri Classic,2025-02-11T12:00:00Z,2025-02-16T12:00:00Z,PBA Pete Weber Missouri Classic,1625 South Enterprise Springfield MO 65807 United States,Info,,,,37,David Northouse,"Bryon Center, Mich.",'--',208.39,370.00,0.00,,,
PBA Pete Weber Missouri Classic,2025-02-11T12:00:00Z,2025-02-16T12:00:00Z,PBA Pete Weber Missouri Classic,1625 South Enterprise Springfield MO 65807 United States,Info,,,,38,Matt Sanders,"Evansville, Ind.",'--',208.33,360.00,0.00,,,
PBA Pete Weber Missouri Classic,2025-02-11T12:00:00Z,2025-02-16T12:00:00Z,PBA Pete Weber Missouri Classic,1625 South Enterprise Springfield MO 65807 United States,Info,,,,39,Deeronn Booker,"Anaheim, Calif.",'--',208.17,350.00,0.00,,,
PBA Pete Weber Missouri Classic,2025-02-11T12:00:00Z,2025-02-16T12:00:00Z,PBA Pete Weber Missouri Classic,1625 South Enterprise Springfield MO 65807 United States,Info,,,,40,Anthony Simonsen,Las Vegas,'--',207.72,340.00,0.00,,,
PBA Pete Weber Missouri Classic,2025-02-11T12:00:00Z,2025-02-16T12:00:00Z,PBA Pete Weber Missouri Classic,1625 South Enterprise Springfield MO 65807 United States,Info,,,,41,Chris Barnes,"Denton, Texas",'--',207.61,330.00,0.00,,,
PBA Pete Weber Missouri Classic,2025-02-11T12:00:00Z,2025-02-16T12:00:00Z,PBA Pete Weber Missouri Classic,1625 South Enterprise Springfield MO 65807 United States,Info,,,,42,"David ""Boog"" Krol","Nixa, Mo.",'--',207.28,320.00,0.00,,,
PBA Pete Weber Missouri Classic,2025-02-11T12:00:00Z,2025-02-16T12:00:00Z,PBA Pete Weber Missouri Classic,1625 South Enterprise Springfield MO 65807 United States,Info,,,,43,Nate Purches,"Fond du Lac, Wis.",'--',207.11,310.00,0.00,,,
PBA Pete Weber Missouri Classic,2025-02-11T12:00:00Z,2025-02-16T12:00:00Z,PBA Pete Weber Missouri Classic,1625 South Enterprise Springfield MO 65807 United States,Info,,,,44,Marshall Kent,"Yakima, Wash.",'--',206.89,300.00,0.00,,,
PBA Pete Weber Missouri Classic,2025-02-11T12:00:00Z,2025-02-16T12:00:00Z,PBA Pete Weber Missouri Classic,1625 South Enterprise Springfield MO 65807 United States,Info,,,,45,Chase Nadeau,Las Vegas,'--',206.22,290.00,0.00,,,
PBA Pete Weber Missouri Classic,2025-02-11T12:00:00Z,2025-02-16T12:00:00Z,PBA Pete Weber Missouri Classic,1625 South Enterprise Springfield MO 65807 United States,Info,,,,46,Justin Knowles,"Okemos, Mich.",'--',206.06,275.00,0.00,,,
PBA Pete Weber Missouri Classic,2025-02-11T12:00:00Z,2025-02-16T12:00:00Z,PBA Pete Weber Missouri Classic,1625 South Enterprise Springfield MO 65807 United States,Info,,,,47,Stu Williams,"Pflugerville, Texas",'--',206.06,275.00,0.00,,,
PBA Pete Weber Missouri Classic,2025-02-11T12:00:00Z,2025-02-16T12:00:00Z,PBA Pete Weber Missouri Classic,1625 South Enterprise Springfield MO 65807 United States,Info,,,,48,Patrick Dombrowski,"Parma, Ohio",'--',205.56,260.00,0.00,,,
PBA Pete Weber Missouri Classic,2025-02-11T12:00:00Z,2025-02-16T12:00:00Z,PBA Pete Weber Missouri Classic,1625 South Enterprise Springfield MO 65807 United States,Info,,,,49,Nick Pate,"Inver Grove Heights, Minn.",'--',204.94,250.00,0.00,,,
PBA Pete Weber Missouri Classic,2025-02-11T12:00:00Z,2025-02-16T12:00:00Z,PBA Pete Weber Missouri Classic,1625 South Enterprise Springfield MO 65807 United States,Info,,,,50,Santtu Tahvanainen,Finland,'--',203.72,240.00,0.00,,,
PBA Pete Weber Missouri Classic,2025-02-11T12:00:00Z,2025-02-16T12:00:00Z,PBA Pete Weber Missouri Classic,1625 South Enterprise Springfield MO 65807 United States,Info,,,,51,Ethan Fiore,"Tampa, Fla.",'--',203.44,230.00,0.00,,,
PBA Pete Weber Missouri Classic,2025-02-11T12:00:00Z,2025-02-16T12:00:00Z,PBA Pete Weber Missouri Classic,1625 South Enterprise Springfield MO 65807 United States,Info,,,,52,Mitch Hupé,"Winnipeg, MB",'--',203.39,220.00,0.00,,,
PBA Pete Weber Missouri Classic,2025-02-11T12:00:00Z,2025-02-16T12:00:00Z,PBA Pete Weber Missouri Classic,1625 South Enterprise Springfield MO 65807 United States,Info,,,,53,Kim Bolleby,Sweden,'--',202.94,210.00,0.00,,,
PBA Pete Weber Missouri Classic,2025-02-11T12:00:00Z,2025-02-16T12:00:00Z,PBA Pete Weber Missouri Classic,1625 South Enterprise Springfield MO 65807 United States,Info,,,,54,Matt Russo,"Ballwin, Missouri",'--',202.89,200.00,0.00,,,
PBA Pete Weber Missouri Classic,2025-02-11T12:00:00Z,2025-02-16T12:00:00Z,PBA Pete Weber Missouri Classic,1625 South Enterprise Springfield MO 65807 United States,Info,,,,55,Gary Faulkner Jr.,"Memphis, Tenn.",'--',202.83,190.00,0.00,,,
PBA Pete Weber Missouri Classic,2025-02-11T12:00:00Z,2025-02-16T12:00:00Z,PBA Pete Weber Missouri Classic,1625 South Enterprise Springfield MO 65807 United States,Info,,,,56,Kris Prather,"Plainfield, Ill.",'--',202.72,180.00,0.00,,,
PBA Pete Weber Missouri Classic,2025-02-11T12:00:00Z,2025-02-16T12:00:00Z,PBA Pete Weber Missouri Classic,1625 South Enterprise Springfield MO 65807 United States,Info,,,,57,Chris Sloan,Ireland,'--',202.56,170.00,0.00,,,
PBA Pete Weber Missouri Classic,2025-02-11T12:00:00Z,2025-02-16T12:00:00Z,PBA Pete Weber Missouri Classic,1625 South Enterprise Springfield MO 65807 United States,Info,,,,58,Robert Shine,"Yonkers, N.Y.",'--',202.39,160.00,0.00,,,
PBA Pete Weber Missouri Classic,2025-02-11T12:00:00Z,2025-02-16T12:00:00Z,PBA Pete Weber Missouri Classic,1625 South Enterprise Springfield MO 65807 United States,Info,,,,59,Blake Demore,"Springfield, Mo.",'--',202.17,150.00,0.00,,,
PBA Pete Weber Missouri Classic,2025-02-11T12:00:00Z,2025-02-16T12:00:00Z,PBA Pete Weber Missouri Classic,1625 South Enterprise Springfield MO 65807 United States,Info,,,,60,DJ Archer,"Louisville, Ky.",'--',200.61,140.00,0.00,,,
PBA Pete Weber Missouri Classic,2025-02-11T12:00:00Z,2025-02-16T12:00:00Z,PBA Pete Weber Missouri Classic,1625 South Enterprise Springfield MO 65807 United States,Info,,,,61,Cam Crowe,"Orland Park, Ill.",'--',200.17,130.00,0.00,,,
PBA Pete Weber Missouri Classic,2025-02-11T12:00:00Z,2025-02-16T12:00:00Z,PBA Pete Weber Missouri Classic,1625 South Enterprise Springfield MO 65807 United States,Info,,,,62,François Lavoie,Canada,'--',200.06,120.00,0.00,,,
PBA Pete Weber Missouri Classic,2025-02-11T12:00:00Z,2025-02-16T12:00:00Z,PBA Pete Weber Missouri Classic,1625 South Enterprise Springfield MO 65807 United States,Info,,,,63,Eric Jones,"Edmond, Okla.",'--',199.89,110.00,0.00,,,
PBA Pete Weber Missouri Classic,2025-02-11T12:00:00Z,2025-02-16T12:00:00Z,PBA Pete Weber Missouri Classic,1625 South Enterprise Springfield MO 65807 United States,Info,,,,64,Brandon Runk,"Milton, Pa.",'--',199.72,100.00,0.00,,,
PBA Pete Weber Missouri Classic,2025-02-11T12:00:00Z,2025-02-16T12:00:00Z,PBA Pete Weber Missouri Classic,1625 South Enterprise Springfield MO 65807 United States,Info,,,,65,Jason Sterner,"Rochester, N.Y.",'--',199.44,90.00,0.00,,,
PBA Pete Weber Missouri Classic,2025-02-11T12:00:00Z,2025-02-16T12:00:00Z,PBA Pete Weber Missouri Classic,1625 South Enterprise Springfield MO 65807 United States,Info,,,,66,Keven Williams,"Roseville, CA",'--',199.44,90.00,0.00,,,
PBA Pete Weber Missouri Classic,2025-02-11T12:00:00Z,2025-02-16T12:00:00Z,PBA Pete Weber Missouri Classic,1625 South Enterprise Springfield MO 65807 United States,Info,,,,67,Casey Murphy,"Nixa, Mo.",'--',199.39,0.00,0.00,,,
PBA Pete Weber Missouri Classic,2025-02-11T12:00:00Z,2025-02-16T12:00:00Z,PBA Pete Weber Missouri Classic,1625 South Enterprise Springfield MO 65807 United States,Info,,,,68,Darren Tang,Las Vegas,'--',198.11,90.00,0.00,,,
PBA Pete Weber Missouri Classic,2025-02-11T12:00:00Z,2025-02-16T12:00:00Z,PBA Pete Weber Missouri Classic,1625 South Enterprise Springfield MO 65807 United States,Info,,,,69,Cristian Azcona,Puerto Rico,'--',197.78,90.00,0.00,,,
PBA Pete Weber Missouri Classic,2025-02-11T12:00:00Z,2025-02-16T12:00:00Z,PBA Pete Weber Missouri Classic,1625 South Enterprise Springfield MO 65807 United States,Info,,,,70,Nate Stubler,"LaSalle, Ill.",'--',193.83,90.00,0.00,,,
PBA Pete Weber Missouri Classic,2025-02-11T12:00:00Z,2025-02-16T12:00:00Z,PBA Pete Weber Missouri Classic,1625 South Enterprise Springfield MO 65807 United States,Info,,,,71,Deo Benard,"Roanoke, Texas",'--',193.39,90.00,0.00,,,
PBA Pete Weber Missouri Classic,2025-02-11T12:00:00Z,2025-02-16T12:00:00Z,PBA Pete Weber Missouri Classic,1625 South Enterprise Springfield MO 65807 United States,Info,,,,72,Jesper Svensson,Sweden,'--',192.61,90.00,0.00,,,
PBA Pete Weber Missouri Classic,2025-02-11T12:00:00Z,2025-02-16T12:00:00Z,PBA Pete Weber Missouri Classic,1625 South Enterprise Springfield MO 65807 United States,Info,,,,73,Ronnie Russell,"Noblesville, Ind.",'--',192.50,90.00,0.00,,,
PBA Pete Weber Missouri Classic,2025-02-11T12:00:00Z,2025-02-16T12:00:00Z,PBA Pete Weber Missouri Classic,1625 South Enterprise Springfield MO 65807 United States,Info,,,,74,Graham Fach,"Urbana, Ohio",'--',189.33,90.00,0.00,,,
PBA Pete Weber Missouri Classic,2025-02-11T12:00:00Z,2025-02-16T12:00:00Z,PBA Pete Weber Missouri Classic,1625 South Enterprise Springfield MO 65807 United States,Info,,,,75,Hayden Stippich,"McKean, Pa.",'--',188.89,90.00,0.00,,,
PBA Pete Weber Missouri Classic,2025-02-11T12:00:00Z,2025-02-16T12:00:00Z,PBA Pete Weber Missouri Classic,1625 South Enterprise Springfield MO 65807 United States,Info,,,,76,Andrew Cline,"Valley Park, MO",'--',188.89,0.00,0.00,,,
PBA Pete Weber Missouri Classic PTQ,2025-02-11T12:00:00Z,,PBA Pete Weber Missouri Classic PTQ,1625 South Enterprise Springfield MO 65807 United States,Info,,,,1,Ethan Fiore,"Tampa, Fla.",'--',231.43,0.00,0.00,,,
PBA Pete Weber Missouri Classic PTQ,2025-02-11T12:00:00Z,,PBA Pete Weber Missouri Classic PTQ,1625 South Enterprise Springfield MO 65807 United States,Info,,,,2,Nick Pate,"Inver Grove Heights, Minn.",'--',223.71,0.00,0.00,,,
PBA Pete Weber Missouri Classic PTQ,2025-02-11T12:00:00Z,,PBA Pete Weber Missouri Classic PTQ,1625 South Enterprise Springfield MO 65807 United States,Info,,,,3,Alec Keplinger,"Angola, Ind.",'--',217.86,0.00,0.00,,,
PBA Pete Weber Missouri Classic PTQ,2025-02-11T12:00:00Z,,PBA Pete Weber Missouri Classic PTQ,1625 South Enterprise Springfield MO 65807 United States,Info,,,,4,Blake Demore,"Springfield, Mo.",'--',215.14,0.00,0.00,,,
PBA Pete Weber Missouri Classic PTQ,2025-02-11T12:00:00Z,,PBA Pete Weber Missouri Classic PTQ,1625 South Enterprise Springfield MO 65807 United States,Info,,,,5,Timmy Tan,Malaysia,'--',214.29,0.00,0.00,,,
PBA Pete Weber Missouri Classic PTQ,2025-02-11T12:00:00Z,,PBA Pete Weber Missouri Classic PTQ,1625 South Enterprise Springfield MO 65807 United States,Info,,,,6,Robert Shine,"Yonkers, N.Y.",'--',212.71,0.00,0.00,,,
PBA Pete Weber Missouri Classic PTQ,2025-02-11T12:00:00Z,,PBA Pete Weber Missouri Classic PTQ,1625 South Enterprise Springfield MO 65807 United States,Info,,,,7,Tim Gruendler,"St. Louis, Mo.",'--',211.57,0.00,0.00,,,
PBA Pete Weber Missouri Classic PTQ,2025-02-11T12:00:00Z,,PBA Pete Weber Missouri Classic PTQ,1625 South Enterprise Springfield MO 65807 United States,Info,,,,8,Ildemaro Ruiz,Venezuela,'--',211.29,40.00,0.00,,,
PBA Pete Weber Missouri Classic PTQ,2025-02-11T12:00:00Z,,PBA Pete Weber Missouri Classic PTQ,1625 South Enterprise Springfield MO 65807 United States,Info,,,,9,Bryan Bourget,"Woonsocket, R.I.",'--',210.71,40.00,0.00,,,
PBA Pete Weber Missouri Classic PTQ,2025-02-11T12:00:00Z,,PBA Pete Weber Missouri Classic PTQ,1625 South Enterprise Springfield MO 65807 United States,Info,,,,10,Joshua Green,"Baton Rouge, Louisiana",'--',208.71,40.00,0.00,,,
PBA Pete Weber Missouri Classic PTQ,2025-02-11T12:00:00Z,,PBA Pete Weber Missouri Classic PTQ,1625 South Enterprise Springfield MO 65807 United States,Info,,,,11,Jason Britain,"Springfield, MO",'--',207.86,35.00,0.00,,,
PBA Pete Weber Missouri Classic PTQ,2025-02-11T12:00:00Z,,PBA Pete Weber Missouri Classic PTQ,1625 South Enterprise Springfield MO 65807 United States,Info,,,,12,Mason Edmondson,"Amarillo, Texas",'--',206.71,35.00,0.00,,,
PBA Pete Weber Missouri Classic PTQ,2025-02-11T12:00:00Z,,PBA Pete Weber Missouri Classic PTQ,1625 South Enterprise Springfield MO 65807 United States,Info,,,,13,T.J. Rock,"Las Vegas, Nev.",'--',206.71,35.00,0.00,,,
PBA Pete Weber Missouri Classic PTQ,2025-02-11T12:00:00Z,,PBA Pete Weber Missouri Classic PTQ,1625 South Enterprise Springfield MO 65807 United States,Info,,,,14,Brent Boho,"Colgate, Wis.",'--',203.00,35.00,0.00,,,
PBA Pete Weber Missouri Classic PTQ,2025-02-11T12:00:00Z,,PBA Pete Weber Missouri Classic PTQ,1625 South Enterprise Springfield MO 65807 United States,Info,,,,15,Jorge Rodriguez,Yauco,'--',202.29,35.00,0.00,,,
PBA Pete Weber Missouri Classic PTQ,2025-02-11T12:00:00Z,,PBA Pete Weber Missouri Classic PTQ,1625 South Enterprise Springfield MO 65807 United States,Info,,,,16,Zac Tackett,"Huntington, Ind.",'--',202.00,35.00,0.00,,,
PBA Pete Weber Missouri Classic PTQ,2025-02-11T12:00:00Z,,PBA Pete Weber Missouri Classic PTQ,1625 South Enterprise Springfield MO 65807 United States,Info,,,,17,Benjamin Martinez,Guadalajara/ Mexico,'--',201.71,35.00,0.00,,,
PBA Pete Weber Missouri Classic PTQ,2025-02-11T12:00:00Z,,PBA Pete Weber Missouri Classic PTQ,1625 South Enterprise Springfield MO 65807 United States,Info,,,,18,Nathan Ruest-Lajoie,"Témiscouata-Sur-Le-Lac, Quebec",'--',200.71,35.00,0.00,,,
PBA Pete Weber Missouri Classic PTQ,2025-02-11T12:00:00Z,,PBA Pete Weber Missouri Classic PTQ,1625 South Enterprise Springfield MO 65807 United States,Info,,,,19,Jace Meyer,"Monticello, Iowa",'--',200.43,35.00,0.00,,,
PBA Pete Weber Missouri Classic PTQ,2025-02-11T12:00:00Z,,PBA Pete Weber Missouri Classic PTQ,1625 South Enterprise Springfield MO 65807 United States,Info,,,,20,Thomas McNeal,"Seattle, Wash.",'--',200.29,33.00,0.00,,,
PBA Pete Weber Missouri Classic PTQ,2025-02-11T12:00:00Z,,PBA Pete Weber Missouri Classic PTQ,1625 South Enterprise Springfield MO 65807 United States,Info,,,,21,Joshua McCandless,"Midlothian, VA",'--',200.29,33.00,0.00,,,
PBA Pete Weber Missouri Classic PTQ,2025-02-11T12:00:00Z,,PBA Pete Weber Missouri Classic PTQ,1625 South Enterprise Springfield MO 65807 United States,Info,,,,22,Christopher Dower,"Cary, Ill.",'--',199.86,30.00,0.00,,,
PBA Pete Weber Missouri Classic PTQ,2025-02-11T12:00:00Z,,PBA Pete Weber Missouri Classic PTQ,1625 South Enterprise Springfield MO 65807 United States,Info,,,,23,Brian Robinson,"Morgantown, W. Va.",'--',199.57,30.00,0.00,,,
PBA Pete Weber Missouri Classic PTQ,2025-02-11T12:00:00Z,,PBA Pete Weber Missouri Classic PTQ,1625 South Enterprise Springfield MO 65807 United States,Info,,,,24,Darin Bloomquist,"Rhinelander, Wis.",'--',196.71,30.00,0.00,,,
PBA Pete Weber Missouri Classic PTQ,2025-02-11T12:00:00Z,,PBA Pete Weber Missouri Classic PTQ,1625 South Enterprise Springfield MO 65807 United States,Info,,,,25,Rj Golisano,Rochester NY,'--',196.71,30.00,0.00,,,
PBA Pete Weber Missouri Classic PTQ,2025-02-11T12:00:00Z,,PBA Pete Weber Missouri Classic PTQ,1625 South Enterprise Springfield MO 65807 United States,Info,,,,26,Randy Hawks,"Balch Springs, Texas",'--',195.71,30.00,0.00,,,
PBA Pete Weber Missouri Classic PTQ,2025-02-11T12:00:00Z,,PBA Pete Weber Missouri Classic PTQ,1625 South Enterprise Springfield MO 65807 United States,Info,,,,27,Zachary Cook,"Peyton, Colo.",'--',194.86,30.00,0.00,,,
PBA Pete Weber Missouri Classic PTQ,2025-02-11T12:00:00Z,,PBA Pete Weber Missouri Classic PTQ,1625 South Enterprise Springfield MO 65807 United States,Info,,,,28,Brad Miller,"Lees Summit, Mo.",'--',192.29,30.00,0.00,,,
PBA Pete Weber Missouri Classic PTQ,2025-02-11T12:00:00Z,,PBA Pete Weber Missouri Classic PTQ,1625 South Enterprise Springfield MO 65807 United States,Info,,,,29,Seth Lehman,"Crystal Lake, Ill.",'--',190.57,30.00,0.00,,,
PBA Pete Weber Missouri Classic PTQ,2025-02-11T12:00:00Z,,PBA Pete Weber Missouri Classic PTQ,1625 South Enterprise Springfield MO 65807 United States,Info,,,,30,Nolan Nash,Greenwood,'--',189.00,28.00,0.00,,,
PBA Pete Weber Missouri Classic PTQ,2025-02-11T12:00:00Z,,PBA Pete Weber Missouri Classic PTQ,1625 South Enterprise Springfield MO 65807 United States,Info,,,,31,Kyle Ponzo,"Chandler, AZ",'--',189.00,28.00,0.00,,,
PBA Pete Weber Missouri Classic PTQ,2025-02-11T12:00:00Z,,PBA Pete Weber Missouri Classic PTQ,1625 South Enterprise Springfield MO 65807 United States,Info,,,,32,Scott Lebeau,"Peyton, Colo.",'--',187.29,25.00,0.00,,,
PBA Pete Weber Missouri Classic PTQ,2025-02-11T12:00:00Z,,PBA Pete Weber Missouri Classic PTQ,1625 South Enterprise Springfield MO 65807 United States,Info,,,,33,Trevor Ashby,"Springfield, W. Va.",'--',186.71,25.00,0.00,,,
PBA Pete Weber Missouri Classic PTQ,2025-02-11T12:00:00Z,,PBA Pete Weber Missouri Classic PTQ,1625 South Enterprise Springfield MO 65807 United States,Info,,,,34,Jean Perez,Puerto Rico,'--',186.57,25.00,0.00,,,
PBA Pete Weber Missouri Classic PTQ,2025-02-11T12:00:00Z,,PBA Pete Weber Missouri Classic PTQ,1625 South Enterprise Springfield MO 65807 United States,Info,,,,35,Andrew Bonin,"Greenwood, AR",'--',186.43,25.00,0.00,,,
PBA Pete Weber Missouri Classic PTQ,2025-02-11T12:00:00Z,,PBA Pete Weber Missouri Classic PTQ,1625 South Enterprise Springfield MO 65807 United States,Info,,,,36,Brenden Williams,"Springfield, Mo.",'--',186.14,25.00,0.00,,,
PBA Pete Weber Missouri Classic PTQ,2025-02-11T12:00:00Z,,PBA Pete Weber Missouri Classic PTQ,1625 South Enterprise Springfield MO 65807 United States,Info,,,,37,Zach Rhoades,"Lafayette, Ind.",'--',185.57,25.00,0.00,,,
PBA Pete Weber Missouri Classic PTQ,2025-02-11T12:00:00Z,,PBA Pete Weber Missouri Classic PTQ,1625 South Enterprise Springfield MO 65807 United States,Info,,,,38,Callum Borck,"Perth, Austraillia",'--',185.14,25.00,0.00,,,
PBA Pete Weber Missouri Classic PTQ,2025-02-11T12:00:00Z,,PBA Pete Weber Missouri Classic PTQ,1625 South Enterprise Springfield MO 65807 United States,Info,,,,39,Blake Reiger,"Grafton, WI.",'--',183.57,25.00,0.00,,,
PBA Pete Weber Missouri Classic PTQ,2025-02-11T12:00:00Z,,PBA Pete Weber Missouri Classic PTQ,1625 South Enterprise Springfield MO 65807 United States,Info,,,,40,Johnny Quach,Houston,'--',180.00,25.00,0.00,,,
PBA Pete Weber Missouri Classic PTQ,2025-02-11T12:00:00Z,,PBA Pete Weber Missouri Classic PTQ,1625 South Enterprise Springfield MO 65807 United States,Info,,,,41,Dan Loose,"Edmond, OK",'--',178.86,20.00,0.00,,,
PBA Pete Weber Missouri Classic PTQ,2025-02-11T12:00:00Z,,PBA Pete Weber Missouri Classic PTQ,1625 South Enterprise Springfield MO 65807 United States,Info,,,,42,John Kirwin,"Grain Valley, MO",'--',178.57,20.00,0.00,,,
PBA Pete Weber Missouri Classic PTQ,2025-02-11T12:00:00Z,,PBA Pete Weber Missouri Classic PTQ,1625 South Enterprise Springfield MO 65807 United States,Info,,,,43,Allan Smith,"Copperas Cove, Texas",'--',177.71,20.00,0.00,,,
PBA Pete Weber Missouri Classic PTQ,2025-02-11T12:00:00Z,,PBA Pete Weber Missouri Classic PTQ,1625 South Enterprise Springfield MO 65807 United States,Info,,,,44,Landon Blaize Ison,Johnson City,'--',177.00,20.00,0.00,,,
PBA Pete Weber Missouri Classic PTQ,2025-02-11T12:00:00Z,,PBA Pete Weber Missouri Classic PTQ,1625 South Enterprise Springfield MO 65807 United States,Info,,,,45,Brandon Mens Sr,"Olive Branch, MS",'--',172.43,20.00,0.00,,,
PBA Pete Weber Missouri Classic PTQ,2025-02-11T12:00:00Z,,PBA Pete Weber Missouri Classic PTQ,1625 South Enterprise Springfield MO 65807 United States,Info,,,,46,Brent Dowell,"Raymore, Mo.",'--',171.00,20.00,0.00,,,
PBA Pete Weber Missouri Classic PTQ,2025-02-11T12:00:00Z,,PBA Pete Weber Missouri Classic PTQ,1625 South Enterprise Springfield MO 65807 United States,Info,,,,47,Christopher Watson,"Crest Hill, Ill.",'--',163.14,20.00,0.00,,,
PBA Pete Weber Missouri Classic PTQ,2025-02-11T12:00:00Z,,PBA Pete Weber Missouri Classic PTQ,1625 South Enterprise Springfield MO 65807 United States,Info,,,,48,Curtis Dorrell,Arkansas,'--',150.43,20.00,0.00,,,
Mike Aulby PBA Nevada Classic PTQ,2025-02-25T12:00:00Z,,Mike Aulby PBA Nevada Classic PTQ,1855 E. Lincoln Way Sparks NV 89434 United States,Info,39.0,,,,Dallas Leong,"Las Vegas, Nev.",,0.00,,,A,,
Mike Aulby PBA Nevada Classic PTQ,2025-02-25T12:00:00Z,,Mike Aulby PBA Nevada Classic PTQ,1855 E. Lincoln Way Sparks NV 89434 United States,Info,39.0,,,,Ryan Burton,"Michigan City, Ind.",,0.00,,,A,,
Mike Aulby PBA Nevada Classic PTQ,2025-02-25T12:00:00Z,,Mike Aulby PBA Nevada Classic PTQ,1855 E. Lincoln Way Sparks NV 89434 United States,Info,39.0,,,,Ethan Fiore,"Tampa, Fla.",,0.00,,,A,,
Mike Aulby PBA Nevada Classic PTQ,2025-02-25T12:00:00Z,,Mike Aulby PBA Nevada Classic PTQ,1855 E. Lincoln Way Sparks NV 89434 United States,Info,39.0,,,,Alec Keplinger,"Angola, Ind.",,0.00,,,A,,
Mike Aulby PBA Nevada Classic PTQ,2025-02-25T12:00:00Z,,Mike Aulby PBA Nevada Classic PTQ,1855 E. Lincoln Way Sparks NV 89434 United States,Info,39.0,,,,Rj Golisano,Rochester NY,,0.00,,,A,,
